id,first_name,last_name,email,gender,ip_address
1,Alyse,Whotton,awhotton0@typepad.com,Genderqueer,214.155.160.130
2,Bobina,Bande,bbande1@businessinsider.com,Agender,30.198.42.235
3,Petra,Youhill,pyouhill2@blogspot.com,Polygender,175.208.188.57
4,Winnie,Drysdall,wdrysdall3@boston.com,Female,14.47.96.232
5,Rollo,Humburton,rhumburton4@toplist.cz,Non-binary,91.240.106.168
6,Gib,Pretsell,gpretsell5@odnoklassniki.ru,Polygender,70.7.177.74
7,Kial,Shaddock,kshaddock6@sohu.com,Male,181.171.96.153
8,Shurwood,Oldall,soldall7@macromedia.com,Bigender,70.114.25.153
9,Bjorn,Penrose,bpenrose8@amazonaws.com,Non-binary,244.51.156.254
10,Charis,Ranscomb,cranscomb9@uiuc.edu,Bigender,181.222.11.34
11,Sarah,Alejandro,salejandroa@nasa.gov,Non-binary,111.248.179.34
12,Gregoire,MacDiarmond,gmacdiarmondb@elpais.com,Male,254.10.164.76
13,Faydra,Cuseck,fcuseckc@list-manage.com,Bigender,70.253.151.28
14,Anna-diana,Tollady,atolladyd@blog.com,Genderqueer,111.96.228.167
15,Janot,Siley,jsileye@google.ru,Male,120.241.232.208
16,Paula,Ardern,pardernf@typepad.com,Polygender,231.230.118.161
17,Freeman,Spancock,fspancockg@godaddy.com,Male,221.125.97.133
18,Vere,Domerque,vdomerqueh@squarespace.com,Agender,174.240.104.19
19,Ferdy,Sturt,fsturti@washingtonpost.com,Genderqueer,136.253.209.255
20,Robinet,Lohmeyer,rlohmeyerj@example.com,Polygender,60.61.37.78
21,Juanita,Ainslee,jainsleek@wikia.com,Male,217.70.160.86
22,Orelie,Goude,ogoudel@arstechnica.com,Polygender,228.74.31.116
23,Alicia,Springham,aspringhamm@xinhuanet.com,Polygender,224.152.155.80
24,Tyson,Liddel,tliddeln@multiply.com,Polygender,9.220.124.254
25,Ronni,Lavell,rlavello@symantec.com,Polygender,101.101.188.198
26,Ilsa,Fesby,ifesbyp@dot.gov,Genderfluid,106.230.46.218
27,Almeria,Clowsley,aclowsleyq@tinypic.com,Agender,41.42.27.118
28,Hermie,Grinnikov,hgrinnikovr@surveymonkey.com,Non-binary,101.239.191.188
29,Linzy,Boshere,lbosheres@aboutads.info,Male,66.17.120.61
30,Florinda,Colston,fcolstont@patch.com,Non-binary,121.117.39.19
31,Mitchel,Bartzen,mbartzenu@jiathis.com,Bigender,72.97.93.240
32,Galina,Dinnington,gdinningtonv@google.com.hk,Agender,154.243.62.240
33,Vincent,Trays,vtraysw@mapquest.com,Genderfluid,169.164.37.136
34,Jessi,Irlam,jirlamx@hao123.com,Non-binary,45.193.36.176
35,Glynda,Kullmann,gkullmanny@eventbrite.com,Polygender,46.115.125.181
36,Grannie,Wesson,gwessonz@opera.com,Bigender,14.140.188.223
37,Tedman,Tapsell,ttapsell10@skype.com,Bigender,125.209.222.180
38,Dorothea,Zorzenoni,dzorzenoni11@sciencedirect.com,Polygender,94.201.153.31
39,Robb,Janney,rjanney12@hud.gov,Male,132.169.25.103
40,Lukas,Futcher,lfutcher13@tinyurl.com,Polygender,45.208.143.123
41,Karen,Yerby,kyerby14@washingtonpost.com,Male,147.107.183.224
42,Hewie,Flucker,hflucker15@ning.com,Non-binary,44.73.109.159
43,Etty,Chitson,echitson16@utexas.edu,Bigender,200.117.230.250
44,Conant,Dooher,cdooher17@example.com,Agender,153.32.29.15
45,Valle,Smorthwaite,vsmorthwaite18@jiathis.com,Agender,65.205.220.185
46,Tybi,Febvre,tfebvre19@myspace.com,Polygender,31.182.7.238
47,Farris,Britzius,fbritzius1a@berkeley.edu,Genderfluid,175.106.42.73
48,Carita,Bluck,cbluck1b@guardian.co.uk,Male,47.247.103.219
49,Gypsy,Ervin,gervin1c@wikia.com,Agender,237.66.164.38
50,Vilhelmina,Burnyeat,vburnyeat1d@ox.ac.uk,Bigender,157.161.196.214
51,Maxwell,MacNeil,mmacneil1e@nature.com,Genderqueer,74.221.15.113
52,Selestina,Vaggs,svaggs1f@ameblo.jp,Polygender,96.56.36.146
53,Daniella,Lonergan,dlonergan1g@va.gov,Genderfluid,32.169.66.162
54,Nealson,Bricksey,nbricksey1h@booking.com,Female,202.39.128.134
55,Dinnie,Reinhart,dreinhart1i@disqus.com,Non-binary,122.32.228.166
56,Albertine,Oddboy,aoddboy1j@apple.com,Genderqueer,53.34.132.38
57,Dasya,Perfect,dperfect1k@telegraph.co.uk,Agender,76.52.75.242
58,Fernande,Hulles,fhulles1l@csmonitor.com,Genderfluid,82.139.141.33
59,Kinsley,Stoffel,kstoffel1m@ft.com,Non-binary,222.100.119.170
60,Madelena,Gwatkin,mgwatkin1n@yelp.com,Genderfluid,157.187.252.234
61,Erwin,Jizhaki,ejizhaki1o@apache.org,Polygender,221.165.99.160
62,Garrek,Dominick,gdominick1p@pinterest.com,Polygender,151.66.105.67
63,Pryce,Gladding,pgladding1q@yellowpages.com,Agender,236.178.77.141
64,Larissa,Lever,llever1r@ox.ac.uk,Male,68.190.19.122
65,Chiquita,Coldwell,ccoldwell1s@microsoft.com,Bigender,14.135.219.45
66,Teressa,Pisco,tpisco1t@bing.com,Non-binary,107.166.235.211
67,Edsel,Forward,eforward1u@ihg.com,Bigender,35.77.235.59
68,Wilt,Baily,wbaily1v@delicious.com,Agender,151.225.63.41
69,Jocelyn,Van der Linde,jvanderlinde1w@dropbox.com,Genderqueer,104.224.131.156
70,Kendall,Stanislaw,kstanislaw1x@ucla.edu,Genderfluid,150.144.154.11
71,Berrie,Caudray,bcaudray1y@ning.com,Male,169.246.189.89
72,Estel,Mastrantone,emastrantone1z@facebook.com,Male,160.14.157.238
73,Fonsie,Rembaud,frembaud20@quantcast.com,Non-binary,207.22.84.164
74,Wilone,Bovingdon,wbovingdon21@bravesites.com,Genderqueer,202.135.134.231
75,Kennett,Dahill,kdahill22@de.vu,Genderqueer,242.109.201.233
76,Audy,Slegg,aslegg23@unesco.org,Non-binary,161.181.88.76
77,Christoffer,Robjant,crobjant24@blinklist.com,Bigender,49.68.3.195
78,Kaylee,Ingilson,kingilson25@exblog.jp,Bigender,74.22.112.28
79,Mercedes,Hatcher,mhatcher26@clickbank.net,Bigender,242.241.126.120
80,Thorny,Oakland,toakland27@techcrunch.com,Bigender,238.138.170.42
81,Gerhardt,Cannam,gcannam28@tiny.cc,Agender,220.226.98.68
82,Ravid,Nelsen,rnelsen29@nature.com,Female,2.148.214.82
83,Gertie,Berks,gberks2a@nifty.com,Agender,216.237.105.40
84,Bard,Bottleson,bbottleson2b@sogou.com,Non-binary,214.57.237.84
85,Tod,Dorro,tdorro2c@cpanel.net,Genderqueer,54.25.57.128
86,Modestia,Pennycord,mpennycord2d@craigslist.org,Genderfluid,133.146.164.60
87,Evey,Notti,enotti2e@census.gov,Genderfluid,61.51.105.226
88,Mattias,Bertrand,mbertrand2f@google.nl,Genderqueer,231.31.86.185
89,Burr,Hext,bhext2g@photobucket.com,Genderqueer,186.41.145.120
90,Dorolice,Gambles,dgambles2h@archive.org,Agender,245.168.21.175
91,Juanita,Hugenin,jhugenin2i@whitehouse.gov,Polygender,66.236.14.88
92,Izzy,Cardoo,icardoo2j@google.pl,Bigender,66.246.234.98
93,Kelly,Hartness,khartness2k@mtv.com,Polygender,8.47.39.173
94,Van,Sorbie,vsorbie2l@prnewswire.com,Bigender,8.157.134.238
95,Lyndsie,Dailey,ldailey2m@webmd.com,Female,52.202.67.45
96,Gisela,Esson,gesson2n@youtube.com,Non-binary,77.196.64.219
97,Ruy,Thurber,rthurber2o@paypal.com,Male,23.226.66.216
98,Cirilo,Bevington,cbevington2p@mashable.com,Polygender,194.234.111.26
99,Iona,Tivolier,itivolier2q@diigo.com,Female,205.7.167.161
100,Erroll,Burrass,eburrass2r@princeton.edu,Genderfluid,170.57.144.5
101,Emelyne,Felgate,efelgate2s@ow.ly,Male,147.56.65.254
102,Ganny,McMurty,gmcmurty2t@hexun.com,Non-binary,202.27.30.212
103,Barnabe,Ramiro,bramiro2u@digg.com,Genderqueer,115.190.97.134
104,Sampson,Kiddle,skiddle2v@gmpg.org,Female,33.192.213.176
105,Peadar,Learie,plearie2w@addtoany.com,Female,66.41.119.177
106,Christos,Tytherton,ctytherton2x@un.org,Polygender,214.169.229.55
107,Jarid,Tewkesberrie,jtewkesberrie2y@washington.edu,Male,158.236.49.242
108,Donia,Eldin,deldin2z@va.gov,Bigender,61.219.122.217
109,Isadora,Hoppner,ihoppner30@berkeley.edu,Genderfluid,90.60.255.4
110,Nessy,Brummell,nbrummell31@comcast.net,Male,99.30.231.213
111,Paul,Ormes,pormes32@homestead.com,Bigender,60.153.81.82
112,Verena,Proschek,vproschek33@tiny.cc,Genderqueer,162.245.34.26
113,Shanna,de Clerk,sdeclerk34@homestead.com,Female,39.125.231.208
114,Candy,Caldicot,ccaldicot35@europa.eu,Agender,22.197.205.2
115,Giulio,Christie,gchristie36@nature.com,Agender,249.209.199.156
116,Carmelle,Wickham,cwickham37@nifty.com,Genderfluid,249.34.59.62
117,Kevon,Bracher,kbracher38@earthlink.net,Non-binary,72.162.183.209
118,Odelia,Dudding,odudding39@ucoz.ru,Bigender,164.132.36.61
119,Kaela,Oles,koles3a@sciencedaily.com,Genderqueer,124.106.212.234
120,Filippo,Eatock,featock3b@ustream.tv,Polygender,116.4.93.58
121,Wait,McIlenna,wmcilenna3c@ihg.com,Genderqueer,74.27.30.205
122,Rosalind,Moreside,rmoreside3d@cbsnews.com,Non-binary,122.184.235.169
123,Theo,Baudone,tbaudone3e@e-recht24.de,Bigender,202.235.245.63
124,Myrtia,Jone,mjone3f@pen.io,Male,138.63.109.243
125,Sigismondo,Copp,scopp3g@wsj.com,Agender,173.113.207.111
126,Nathan,Ragsdall,nragsdall3h@slideshare.net,Polygender,116.155.175.6
127,Ole,Roland,oroland3i@ocn.ne.jp,Male,200.126.112.74
128,Oliviero,Aumerle,oaumerle3j@ebay.co.uk,Bigender,71.222.35.110
129,Jess,Turneaux,jturneaux3k@dropbox.com,Female,126.61.51.197
130,Al,Burnapp,aburnapp3l@nhs.uk,Non-binary,147.204.197.237
131,Ellette,Cambridge,ecambridge3m@shareasale.com,Female,205.253.102.153
132,Lorant,Asch,lasch3n@omniture.com,Female,95.211.106.31
133,Kathye,Tenny,ktenny3o@google.co.jp,Non-binary,215.223.131.252
134,Chantalle,Hastin,chastin3p@chronoengine.com,Non-binary,29.206.215.86
135,Minny,Fullwood,mfullwood3q@miibeian.gov.cn,Agender,77.129.229.4
136,Phillida,Mottershead,pmottershead3r@pagesperso-orange.fr,Polygender,254.252.103.165
137,Sayer,Crevy,screvy3s@dailymotion.com,Bigender,156.173.196.12
138,Kameko,Romayne,kromayne3t@blinklist.com,Male,89.122.140.159
139,Madeline,Slimon,mslimon3u@europa.eu,Polygender,122.254.141.96
140,Lorain,Frantzen,lfrantzen3v@answers.com,Genderfluid,205.46.3.88
141,Sharla,Nuemann,snuemann3w@google.co.jp,Bigender,247.78.210.180
142,Edmund,Francescoccio,efrancescoccio3x@ask.com,Bigender,232.105.19.188
143,Jamie,Briatt,jbriatt3y@posterous.com,Agender,235.151.138.69
144,Deborah,Fitt,dfitt3z@weibo.com,Female,153.208.19.6
145,Darcy,Rushbrooke,drushbrooke40@state.tx.us,Genderfluid,25.26.244.8
146,Barret,Lelande,blelande41@ted.com,Female,236.104.100.150
147,Jannel,Sandars,jsandars42@abc.net.au,Bigender,39.4.44.16
148,Tamra,Lycett,tlycett43@ow.ly,Polygender,244.38.58.173
149,Kris,Gerler,kgerler44@vk.com,Agender,78.177.243.138
150,Joyann,Woolforde,jwoolforde45@dyndns.org,Female,208.179.159.226
151,Clayborne,Neiland,cneiland46@comsenz.com,Non-binary,190.2.230.47
152,Erinn,Lambie,elambie47@behance.net,Agender,249.89.97.132
153,Tremayne,Frost,tfrost48@barnesandnoble.com,Polygender,16.73.131.46
154,Christan,Tustin,ctustin49@intel.com,Genderqueer,199.101.62.250
155,Gearard,Gori,ggori4a@cam.ac.uk,Bigender,131.238.199.78
156,Rourke,Blodget,rblodget4b@google.ca,Genderqueer,209.94.253.204
157,Daisy,Nassie,dnassie4c@soundcloud.com,Polygender,214.145.94.46
158,Lynn,Common,lcommon4d@about.me,Polygender,253.11.6.57
159,Lonni,Twinn,ltwinn4e@imageshack.us,Bigender,87.253.118.23
160,Marilyn,Ridgewell,mridgewell4f@cocolog-nifty.com,Female,131.105.116.250
161,Quintin,Minter,qminter4g@discuz.net,Genderqueer,152.218.205.113
162,Alis,Ackerley,aackerley4h@t-online.de,Agender,249.237.99.49
163,Ana,Antonignetti,aantonignetti4i@opensource.org,Genderqueer,255.116.28.173
164,Urson,Allder,uallder4j@youtube.com,Male,57.47.185.221
165,Druci,Orth,dorth4k@nature.com,Bigender,40.233.82.82
166,Reidar,Noone,rnoone4l@slate.com,Bigender,112.194.252.240
167,Morris,Lawlee,mlawlee4m@amazon.de,Polygender,106.9.63.41
168,Alanna,Morrill,amorrill4n@nsw.gov.au,Female,249.59.221.28
169,Patty,Callar,pcallar4o@webnode.com,Female,180.57.245.202
170,Corenda,Ruse,cruse4p@macromedia.com,Polygender,44.135.20.33
171,Antonino,Helks,ahelks4q@artisteer.com,Genderfluid,218.239.101.84
172,Gaspar,Winstanley,gwinstanley4r@privacy.gov.au,Male,229.76.151.89
173,Domenic,Marjanski,dmarjanski4s@cisco.com,Non-binary,10.212.150.94
174,Case,Plante,cplante4t@harvard.edu,Male,110.155.151.55
175,Yorgo,Hazard,yhazard4u@google.com.br,Genderfluid,84.61.207.234
176,Sara-ann,Surcomb,ssurcomb4v@usda.gov,Genderqueer,52.248.181.195
177,Marybelle,Philpotts,mphilpotts4w@ustream.tv,Genderqueer,211.215.152.215
178,Boris,Bridgement,bbridgement4x@cpanel.net,Non-binary,124.137.112.133
179,Mickie,Yakubowicz,myakubowicz4y@google.ca,Female,50.26.144.171
180,Kristofor,Griffoen,kgriffoen4z@t-online.de,Male,205.117.157.73
181,Lauretta,Mollatt,lmollatt50@soundcloud.com,Genderqueer,214.37.11.130
182,Tadeas,Greeson,tgreeson51@soup.io,Female,238.46.68.214
183,Abe,Rowlatt,arowlatt52@arizona.edu,Bigender,123.48.128.151
184,Marcelo,Durrans,mdurrans53@clickbank.net,Male,75.41.48.145
185,Gerianna,Pleass,gpleass54@multiply.com,Genderfluid,0.68.82.110
186,Terra,Christophersen,tchristophersen55@themeforest.net,Non-binary,85.152.20.239
187,Rockey,Siggers,rsiggers56@vistaprint.com,Female,123.210.242.94
188,Hubert,Ramas,hramas57@domainmarket.com,Polygender,217.117.120.110
189,Collie,Hammell,chammell58@newyorker.com,Non-binary,130.169.208.124
190,Ebeneser,O'Dowling,eodowling59@github.com,Agender,173.112.202.253
191,Shelba,Keilloh,skeilloh5a@uiuc.edu,Non-binary,168.110.177.75
192,Dallis,Kynder,dkynder5b@moonfruit.com,Polygender,215.53.77.179
193,Marni,Gribbell,mgribbell5c@cocolog-nifty.com,Non-binary,159.47.45.31
194,Adina,McNevin,amcnevin5d@de.vu,Agender,58.184.116.123
195,Lindsy,Levitt,llevitt5e@mapy.cz,Bigender,94.37.159.17
196,Delmore,Geffcock,dgeffcock5f@people.com.cn,Genderfluid,53.117.7.162
197,Lanette,Yarranton,lyarranton5g@loc.gov,Non-binary,90.62.71.160
198,Valentijn,Cronkshaw,vcronkshaw5h@imgur.com,Genderqueer,46.9.217.91
199,Hermon,Seiller,hseiller5i@google.co.uk,Female,242.237.165.229
200,Hunter,Eckley,heckley5j@blogger.com,Genderfluid,31.25.227.208
201,Konstanze,Varah,kvarah5k@businessinsider.com,Male,20.173.113.56
202,Hussein,Loveitt,hloveitt5l@psu.edu,Polygender,191.44.188.18
203,Lotta,Abramchik,labramchik5m@army.mil,Male,34.166.50.57
204,Archy,Sharram,asharram5n@sphinn.com,Agender,228.120.46.57
205,Town,Heliar,theliar5o@msn.com,Bigender,190.181.61.77
206,Margalo,Thackham,mthackham5p@blogs.com,Polygender,92.196.65.106
207,Niko,Shubotham,nshubotham5q@jimdo.com,Polygender,94.101.107.51
208,Patty,Galvan,pgalvan5r@devhub.com,Genderqueer,187.33.203.250
209,Jayson,Correa,jcorrea5s@goodreads.com,Polygender,16.182.120.184
210,Judith,Aronin,jaronin5t@1688.com,Female,38.206.224.80
211,Denni,Burburough,dburburough5u@intel.com,Genderqueer,45.14.246.25
212,Orson,Fines,ofines5v@unc.edu,Agender,198.176.139.144
213,Dalenna,Watkin,dwatkin5w@altervista.org,Non-binary,1.58.163.36
214,Janelle,Sate,jsate5x@sourceforge.net,Genderqueer,32.198.217.155
215,Dorelle,Valadez,dvaladez5y@narod.ru,Non-binary,196.253.51.60
216,Lethia,Knappe,lknappe5z@themeforest.net,Bigender,226.208.190.12
217,Nesta,Oxtaby,noxtaby60@jimdo.com,Non-binary,111.198.85.236
218,Binnie,Gerram,bgerram61@boston.com,Genderfluid,140.160.139.43
219,Jilleen,Baigrie,jbaigrie62@acquirethisname.com,Genderqueer,101.48.65.5
220,Allan,Bremmell,abremmell63@mac.com,Non-binary,6.252.145.80
221,Marlow,Yeude,myeude64@un.org,Non-binary,169.184.235.96
222,Allie,Gill,agill65@technorati.com,Male,46.114.196.15
223,Fairlie,Cumpsty,fcumpsty66@theglobeandmail.com,Genderfluid,14.127.119.137
224,Kerry,Calcut,kcalcut67@e-recht24.de,Female,188.54.112.192
225,Jayme,Points,jpoints68@dropbox.com,Non-binary,252.48.21.88
226,Charmian,Bartosik,cbartosik69@soundcloud.com,Polygender,101.206.109.142
227,Mord,Mayell,mmayell6a@blogs.com,Genderfluid,15.62.67.253
228,Erin,Oxborough,eoxborough6b@amazon.co.jp,Bigender,82.109.113.188
229,Harper,Achurch,hachurch6c@desdev.cn,Female,60.208.206.0
230,Whitaker,Denekamp,wdenekamp6d@omniture.com,Female,82.111.178.147
231,Ange,Maginn,amaginn6e@infoseek.co.jp,Non-binary,210.34.76.38
232,Grantley,Moylane,gmoylane6f@epa.gov,Male,219.100.190.72
233,Magdalene,Levicount,mlevicount6g@europa.eu,Agender,230.201.24.207
234,Tarra,Barbrook,tbarbrook6h@ask.com,Non-binary,53.218.232.201
235,Gilbertine,Roeby,groeby6i@zimbio.com,Bigender,144.216.154.14
236,Wade,Titmuss,wtitmuss6j@tumblr.com,Male,35.159.205.101
237,Maynord,Gold,mgold6k@webeden.co.uk,Bigender,190.145.238.41
238,Michel,Truwert,mtruwert6l@ameblo.jp,Agender,32.21.79.221
239,Maribeth,Toxell,mtoxell6m@weebly.com,Genderqueer,10.19.210.68
240,Skippy,Karolowski,skarolowski6n@samsung.com,Genderqueer,52.221.39.17
241,Nancie,Kunz,nkunz6o@discovery.com,Genderfluid,206.141.30.118
242,Genevieve,Sapsforde,gsapsforde6p@google.com.hk,Female,119.250.5.137
243,Penny,Esh,pesh6q@4shared.com,Genderqueer,74.61.188.231
244,Brinn,Nyles,bnyles6r@bbb.org,Agender,33.65.43.144
245,Myrlene,Jiggle,mjiggle6s@google.com.br,Female,39.11.92.19
246,Aubine,Sword,asword6t@deliciousdays.com,Polygender,172.196.116.201
247,Morten,Jeannesson,mjeannesson6u@mediafire.com,Male,218.204.211.50
248,Madonna,Belfit,mbelfit6v@scribd.com,Non-binary,28.4.170.30
249,Corey,Lergan,clergan6w@smugmug.com,Female,247.102.76.206
250,Talya,Bramo,tbramo6x@independent.co.uk,Female,36.156.118.247
251,Norby,Voelker,nvoelker6y@shinystat.com,Agender,11.77.127.194
252,Algernon,Chaloner,achaloner6z@nasa.gov,Bigender,197.148.54.150
253,Wendel,Daughtrey,wdaughtrey70@cam.ac.uk,Genderfluid,74.92.102.173
254,Livvie,Caldron,lcaldron71@walmart.com,Polygender,41.53.155.221
255,Georgi,Pridding,gpridding72@reuters.com,Male,132.27.35.222
256,Marjorie,Tohill,mtohill73@vinaora.com,Genderqueer,249.218.195.7
257,Keane,Bendley,kbendley74@zimbio.com,Genderfluid,242.13.169.225
258,Dee dee,MacFie,dmacfie75@ocn.ne.jp,Male,6.192.19.21
259,Yardley,Harradine,yharradine76@plala.or.jp,Polygender,193.26.245.60
260,Rowney,Frane,rfrane77@house.gov,Genderqueer,58.135.118.147
261,Kermit,Housiaux,khousiaux78@last.fm,Non-binary,32.160.163.127
262,Mollie,Cassely,mcassely79@nbcnews.com,Polygender,2.204.238.98
263,Moss,Thurlborn,mthurlborn7a@comcast.net,Genderfluid,153.117.35.4
264,Anthiathia,Bradnock,abradnock7b@ibm.com,Non-binary,210.239.219.67
265,Nellie,Ordelt,nordelt7c@patch.com,Genderqueer,219.34.142.152
266,Boigie,Denman,bdenman7d@vinaora.com,Genderfluid,28.129.100.64
267,Ali,Barron,abarron7e@linkedin.com,Bigender,187.3.77.12
268,Anallise,Hatwell,ahatwell7f@harvard.edu,Agender,73.130.166.103
269,Janeczka,Camamill,jcamamill7g@homestead.com,Genderqueer,123.4.31.180
270,Carl,Storks,cstorks7h@360.cn,Bigender,141.162.254.255
271,Cate,Pearch,cpearch7i@booking.com,Non-binary,113.28.78.2
272,Trixy,Claye,tclaye7j@yellowpages.com,Male,204.142.147.162
273,Luciana,Mercy,lmercy7k@techcrunch.com,Female,31.86.52.196
274,Pippy,Michiel,pmichiel7l@edublogs.org,Agender,110.95.145.168
275,Lorrin,Meyer,lmeyer7m@bloglines.com,Bigender,60.144.102.204
276,Diana,Weich,dweich7n@tinypic.com,Bigender,240.196.252.156
277,Ariadne,Loutheane,aloutheane7o@reddit.com,Genderqueer,172.8.37.159
278,Yank,Toor,ytoor7p@newyorker.com,Female,177.129.2.20
279,Elizabet,Haymes,ehaymes7q@scientificamerican.com,Polygender,170.117.54.11
280,Buffy,Oneill,boneill7r@earthlink.net,Non-binary,103.50.220.166
281,Eb,Creigan,ecreigan7s@ucla.edu,Male,14.231.227.41
282,Jammal,Columbell,jcolumbell7t@jalbum.net,Agender,72.6.141.129
283,Washington,Stearn,wstearn7u@mapy.cz,Polygender,168.160.207.151
284,Anna,Aronovich,aaronovich7v@domainmarket.com,Bigender,144.181.245.141
285,Marje,Dodman,mdodman7w@bloglovin.com,Non-binary,52.149.150.126
286,Hadlee,Talks,htalks7x@earthlink.net,Non-binary,117.237.118.22
287,Zarla,Cavie,zcavie7y@theguardian.com,Genderfluid,29.75.16.135
288,Hilliary,Landrean,hlandrean7z@linkedin.com,Female,138.204.32.81
289,Daryl,Priestner,dpriestner80@weather.com,Agender,225.13.69.210
290,Jsandye,Lasslett,jlasslett81@nbcnews.com,Agender,50.103.38.16
291,Fanechka,Acarson,facarson82@abc.net.au,Polygender,89.19.124.92
292,Aubry,Giraudeau,agiraudeau83@squarespace.com,Genderqueer,106.47.195.49
293,Carmen,Wysome,cwysome84@hugedomains.com,Non-binary,16.60.217.159
294,Solomon,Roberti,sroberti85@dailymotion.com,Genderqueer,168.195.204.102
295,Marillin,Pendrey,mpendrey86@umn.edu,Genderqueer,158.173.58.243
296,Siana,Meekins,smeekins87@hibu.com,Polygender,132.146.71.119
297,Anjanette,Quarrell,aquarrell88@imdb.com,Genderqueer,5.45.166.3
298,Lucinda,Dallaway,ldallaway89@ow.ly,Bigender,41.106.219.179
299,Gerta,Thexton,gthexton8a@sina.com.cn,Agender,82.23.42.176
300,Godart,Hewkin,ghewkin8b@yale.edu,Female,213.17.67.42
301,Jerry,D'Ambrogio,jdambrogio8c@yolasite.com,Agender,184.52.191.74
302,Adams,Patient,apatient8d@wp.com,Bigender,44.74.119.172
303,Aron,Wisker,awisker8e@is.gd,Male,194.162.156.22
304,Rhona,Proctor,rproctor8f@xrea.com,Agender,246.175.149.94
305,Esma,Castanie,ecastanie8g@icio.us,Male,109.93.197.231
306,Loralyn,Chamberlayne,lchamberlayne8h@dyndns.org,Female,135.191.251.59
307,Iona,Swadon,iswadon8i@ycombinator.com,Non-binary,237.87.217.239
308,Jodi,Drennan,jdrennan8j@soup.io,Genderfluid,13.35.226.140
309,Owen,Axworthy,oaxworthy8k@prlog.org,Male,124.128.55.171
310,Felicle,Mastrantone,fmastrantone8l@netvibes.com,Male,200.181.24.61
311,Gifford,Nind,gnind8m@constantcontact.com,Male,43.171.211.143
312,Tate,Trevascus,ttrevascus8n@ed.gov,Genderqueer,127.25.192.217
313,Laughton,Pedgrift,lpedgrift8o@youtube.com,Female,119.152.210.214
314,Stefano,Cocksedge,scocksedge8p@yellowpages.com,Bigender,86.162.106.236
315,Moise,Di Ruggero,mdiruggero8q@harvard.edu,Male,180.210.107.102
316,Justin,Genney,jgenney8r@soundcloud.com,Agender,53.149.39.55
317,Onfroi,Haynes,ohaynes8s@ehow.com,Non-binary,89.123.66.231
318,Panchito,Hattrick,phattrick8t@netscape.com,Agender,130.184.71.206
319,Berti,Mackilpatrick,bmackilpatrick8u@usda.gov,Bigender,182.204.81.173
320,Mario,Doumenc,mdoumenc8v@merriam-webster.com,Female,52.250.105.125
321,Gerome,Meckiff,gmeckiff8w@unc.edu,Genderqueer,7.168.104.216
322,Irvine,Housby,ihousby8x@naver.com,Genderfluid,24.121.254.216
323,Ivan,Becker,ibecker8y@icio.us,Non-binary,97.191.218.35
324,Kacie,Boodell,kboodell8z@comcast.net,Non-binary,220.130.60.185
325,Faunie,Cyson,fcyson90@hhs.gov,Agender,33.68.69.195
326,Sonya,Le Count,slecount91@seattletimes.com,Polygender,59.81.80.248
327,Joell,Linger,jlinger92@wisc.edu,Non-binary,110.72.217.130
328,Daphene,Serrell,dserrell93@rakuten.co.jp,Female,175.75.89.125
329,Albert,Taberer,ataberer94@census.gov,Polygender,148.187.176.157
330,Cosetta,Strugnell,cstrugnell95@de.vu,Female,237.187.44.171
331,Baxy,Culcheth,bculcheth96@zdnet.com,Genderfluid,65.245.82.192
332,Sarina,Cotgrave,scotgrave97@dmoz.org,Female,206.245.50.160
333,Hedvig,Prando,hprando98@cbslocal.com,Female,234.129.5.62
334,Marylinda,Lesaunier,mlesaunier99@businessweek.com,Bigender,117.200.190.233
335,Renaud,Brant,rbrant9a@wikimedia.org,Genderqueer,167.122.93.174
336,Cozmo,Goodacre,cgoodacre9b@ow.ly,Bigender,98.139.108.46
337,Tracy,Middleton,tmiddleton9c@rediff.com,Bigender,65.144.51.194
338,Dietrich,Griffen,dgriffen9d@cornell.edu,Genderfluid,232.149.158.28
339,Janene,Caser,jcaser9e@goo.ne.jp,Polygender,231.55.70.149
340,Mabelle,Crunkhurn,mcrunkhurn9f@nbcnews.com,Male,205.188.152.69
341,Lucas,covino,lcovino9g@ustream.tv,Genderfluid,140.254.42.76
342,Afton,Loddy,aloddy9h@tmall.com,Genderfluid,113.36.156.207
343,Si,Matyasik,smatyasik9i@geocities.jp,Non-binary,173.196.206.132
344,Hobart,O'Kelly,hokelly9j@bloomberg.com,Female,27.87.114.200
345,Felicio,Huckabe,fhuckabe9k@seesaa.net,Genderqueer,106.119.232.123
346,Ripley,Chevers,rchevers9l@blogspot.com,Non-binary,97.242.100.151
347,Aubert,Wilmott,awilmott9m@ehow.com,Polygender,62.87.182.188
348,Rickie,Phythean,rphythean9n@studiopress.com,Non-binary,208.86.221.108
349,Rolando,Capnerhurst,rcapnerhurst9o@who.int,Genderqueer,1.120.65.179
350,Bo,Newiss,bnewiss9p@infoseek.co.jp,Polygender,147.39.243.105
351,Garfield,Girardi,ggirardi9q@altervista.org,Agender,188.222.85.93
352,Flory,Maffulli,fmaffulli9r@blogs.com,Agender,161.183.135.63
353,Fredrika,Clemintoni,fclemintoni9s@drupal.org,Non-binary,149.119.121.198
354,Coriss,McGaw,cmcgaw9t@slideshare.net,Polygender,121.163.15.125
355,Frederica,Nance,fnance9u@digg.com,Agender,43.122.79.224
356,Charlie,Gloucester,cgloucester9v@simplemachines.org,Genderqueer,144.205.71.84
357,Lorenza,Blasdale,lblasdale9w@jalbum.net,Genderfluid,231.79.110.118
358,Alphonso,Winston,awinston9x@howstuffworks.com,Non-binary,173.94.120.242
359,Matthieu,Padly,mpadly9y@smugmug.com,Bigender,72.183.170.25
360,Alex,Gilson,agilson9z@zimbio.com,Genderfluid,183.39.39.68
361,Giffard,Patnelli,gpatnellia0@answers.com,Non-binary,154.115.195.100
362,Helli,Kryska,hkryskaa1@freewebs.com,Polygender,53.162.15.160
363,Flossy,Greim,fgreima2@hubpages.com,Polygender,95.116.173.94
364,Algernon,Eamer,aeamera3@woothemes.com,Non-binary,233.75.70.233
365,Karilynn,Dowell,kdowella4@prnewswire.com,Polygender,45.181.25.196
366,Fredra,McNern,fmcnerna5@answers.com,Genderfluid,198.179.9.31
367,Welbie,Shearwood,wshearwooda6@hexun.com,Bigender,98.34.129.243
368,Bliss,Barthod,bbarthoda7@illinois.edu,Bigender,236.147.78.109
369,Sigfried,Ecclestone,secclestonea8@csmonitor.com,Female,72.159.246.39
370,Natalee,Cantos,ncantosa9@infoseek.co.jp,Female,153.244.109.179
371,Price,Tremathick,ptremathickaa@yahoo.co.jp,Female,4.103.21.198
372,Sylas,Orae,soraeab@sciencedirect.com,Polygender,107.155.133.54
373,Judith,De Vaux,jdevauxac@studiopress.com,Bigender,238.55.25.70
374,Martita,Marling,mmarlingad@ycombinator.com,Polygender,68.255.152.52
375,Minna,Hatley,mhatleyae@tumblr.com,Genderqueer,7.57.242.61
376,Artemas,Polly,apollyaf@friendfeed.com,Genderqueer,5.43.243.128
377,Wye,Siaskowski,wsiaskowskiag@harvard.edu,Bigender,179.249.76.39
378,Corey,Thackham,cthackhamah@multiply.com,Agender,16.24.227.141
379,Helene,Dunderdale,hdunderdaleai@tumblr.com,Polygender,149.179.61.98
380,Sergei,Clutterbuck,sclutterbuckaj@google.fr,Genderqueer,233.75.98.40
381,Maridel,Smale,msmaleak@nsw.gov.au,Female,113.224.228.131
382,Hazel,Notti,hnottial@google.com.au,Genderfluid,183.86.178.194
383,Lynnelle,Kilbane,lkilbaneam@unblog.fr,Genderqueer,206.78.9.167
384,Rainer,Richford,rrichfordan@360.cn,Bigender,92.105.210.48
385,Carver,Wingfield,cwingfieldao@opera.com,Female,68.155.76.234
386,Alaster,Kilgrew,akilgrewap@people.com.cn,Female,153.214.4.180
387,Gino,Purkess,gpurkessaq@xing.com,Polygender,32.154.227.209
388,Magdalena,Gligori,mgligoriar@shutterfly.com,Agender,75.87.159.39
389,Teressa,Suermeiers,tsuermeiersas@bing.com,Genderqueer,103.36.72.213
390,Elyssa,Nickerson,enickersonat@opensource.org,Male,173.31.124.118
391,Vivia,Biasini,vbiasiniau@home.pl,Male,242.103.35.166
392,Phil,Aveson,pavesonav@free.fr,Agender,12.52.214.251
393,Dorris,Perigo,dperigoaw@foxnews.com,Bigender,44.255.98.255
394,Umberto,Pozzi,upozziax@pinterest.com,Non-binary,12.248.75.87
395,Ilse,Brydson,ibrydsonay@istockphoto.com,Non-binary,239.157.101.24
396,Gordon,Brisland,gbrislandaz@histats.com,Agender,232.125.111.153
397,Trisha,Stealfox,tstealfoxb0@rambler.ru,Agender,249.225.140.35
398,Crawford,Aloway,calowayb1@trellian.com,Genderqueer,2.180.209.70
399,Marielle,McDowell,mmcdowellb2@pagesperso-orange.fr,Agender,77.10.224.56
400,Sterling,Popeley,spopeleyb3@csmonitor.com,Bigender,117.148.87.143
401,Terrell,Deas,tdeasb4@bravesites.com,Genderfluid,65.196.191.120
402,Maynord,O'Hagerty,mohagertyb5@bizjournals.com,Bigender,159.212.8.151
403,Evan,Taber,etaberb6@economist.com,Genderfluid,199.9.113.198
404,Penny,Chisholm,pchisholmb7@oracle.com,Agender,46.220.251.221
405,Lorrayne,Kingsman,lkingsmanb8@columbia.edu,Agender,99.22.5.177
406,Angeline,Weekley,aweekleyb9@discuz.net,Genderfluid,69.226.61.230
407,Aurlie,Ewles,aewlesba@umn.edu,Agender,34.213.74.60
408,Gael,Melbourne,gmelbournebb@woothemes.com,Genderqueer,113.172.213.6
409,Alric,Matlock,amatlockbc@ezinearticles.com,Genderfluid,247.203.30.8
410,Pansy,Stroulger,pstroulgerbd@mit.edu,Non-binary,137.254.176.28
411,Gisella,Willsmore,gwillsmorebe@smugmug.com,Non-binary,14.149.176.172
412,Kenna,Spring,kspringbf@discuz.net,Genderfluid,240.153.38.66
413,Susan,Westcot,swestcotbg@cbslocal.com,Bigender,65.181.78.190
414,Adele,Drinkhill,adrinkhillbh@4shared.com,Genderfluid,198.237.82.191
415,Fleming,Skyrme,fskyrmebi@behance.net,Agender,143.186.149.185
416,Athene,Dickman,adickmanbj@spotify.com,Agender,159.89.179.223
417,Carleton,Mendel,cmendelbk@buzzfeed.com,Bigender,92.213.71.99
418,Joyann,Sandford,jsandfordbl@aol.com,Agender,250.51.28.27
419,Norine,Roubert,nroubertbm@omniture.com,Female,224.12.19.74
420,Babb,Howel,bhowelbn@admin.ch,Genderqueer,252.202.134.188
421,Robby,Tailby,rtailbybo@godaddy.com,Polygender,49.19.125.230
422,Kendell,Pouck,kpouckbp@vinaora.com,Non-binary,153.151.86.71
423,Gaye,Coils,gcoilsbq@ifeng.com,Genderqueer,70.181.4.18
424,Katherina,Labbett,klabbettbr@nasa.gov,Non-binary,178.253.98.172
425,Frank,Vasiljevic,fvasiljevicbs@4shared.com,Male,200.31.93.0
426,Inessa,Ormrod,iormrodbt@dailymail.co.uk,Genderfluid,220.243.77.129
427,Kaleb,Assaf,kassafbu@histats.com,Bigender,66.196.35.220
428,Moyra,Mould,mmouldbv@cnbc.com,Non-binary,241.176.132.68
429,Becka,Menendes,bmenendesbw@cmu.edu,Male,210.233.97.242
430,Ida,Alvis,ialvisbx@github.io,Genderfluid,200.32.101.108
431,Ondrea,Storah,ostorahby@dyndns.org,Genderfluid,4.216.61.251
432,Daryl,Jeratt,djerattbz@xinhuanet.com,Bigender,25.158.106.196
433,Temple,Tonepohl,ttonepohlc0@comsenz.com,Genderqueer,196.58.213.132
434,Eustacia,Jacquemet,ejacquemetc1@loc.gov,Agender,192.84.248.169
435,Danica,De Ferrari,ddeferraric2@wiley.com,Polygender,218.161.74.69
436,Lezlie,Scarff,lscarffc3@hhs.gov,Male,21.107.14.57
437,Hillard,Goves,hgovesc4@sina.com.cn,Bigender,86.75.81.15
438,Muriel,Morfett,mmorfettc5@boston.com,Genderfluid,48.27.175.211
439,Rory,MacCracken,rmaccrackenc6@merriam-webster.com,Non-binary,1.82.184.186
440,Sam,De Launde,sdelaundec7@theatlantic.com,Male,59.30.34.47
441,Cobb,Weeds,cweedsc8@intel.com,Non-binary,130.40.250.30
442,Chane,Dimelow,cdimelowc9@cbc.ca,Genderqueer,127.46.177.29
443,Land,Skittrall,lskittrallca@goo.ne.jp,Genderfluid,94.65.49.29
444,Tobit,Espinos,tespinoscb@webmd.com,Non-binary,19.138.172.199
445,Doralynn,Nickell,dnickellcc@nytimes.com,Agender,78.70.250.71
446,Ricard,Peaseman,rpeasemancd@wufoo.com,Agender,63.243.243.239
447,Brannon,Lum,blumce@whitehouse.gov,Non-binary,233.19.89.168
448,Mar,McCandless,mmccandlesscf@nature.com,Polygender,196.121.240.119
449,Matty,Farquarson,mfarquarsoncg@com.com,Female,244.238.119.247
450,Miriam,Stebbin,mstebbinch@cbc.ca,Genderfluid,67.24.240.241
451,Jerry,Hathaway,jhathawayci@smugmug.com,Polygender,221.53.166.71
452,Lucie,Gutch,lgutchcj@loc.gov,Male,69.104.35.112
453,Larisa,Kinleyside,lkinleysideck@stanford.edu,Female,156.6.68.57
454,Prissie,Halpine,phalpinecl@nifty.com,Agender,167.115.167.137
455,Ninnette,Oakeby,noakebycm@people.com.cn,Genderqueer,216.199.93.75
456,Zolly,Emanulsson,zemanulssoncn@oaic.gov.au,Genderqueer,135.52.66.83
457,Cyril,Duffill,cduffillco@house.gov,Genderfluid,99.154.118.146
458,Callean,Muzzlewhite,cmuzzlewhitecp@hao123.com,Bigender,244.115.239.211
459,Gerardo,O'Keenan,gokeenancq@deliciousdays.com,Genderqueer,128.106.108.182
460,Adelheid,Rawes,arawescr@hao123.com,Male,215.242.89.217
461,Alidia,Emanulsson,aemanulssoncs@nature.com,Bigender,18.36.255.101
462,Jessika,Domokos,jdomokosct@howstuffworks.com,Male,132.242.165.137
463,Matthiew,Deschelle,mdeschellecu@ox.ac.uk,Female,9.24.205.72
464,Leila,Strickland,lstricklandcv@desdev.cn,Non-binary,225.187.223.67
465,Nicko,Rudge,nrudgecw@prweb.com,Bigender,16.100.66.225
466,Carmel,Tumini,ctuminicx@cpanel.net,Male,194.24.113.54
467,Aurelia,Jobey,ajobeycy@theglobeandmail.com,Non-binary,81.62.209.8
468,Vera,Waker,vwakercz@berkeley.edu,Genderqueer,180.21.175.95
469,Lolly,Batchelour,lbatchelourd0@xing.com,Agender,21.153.141.113
470,Hanan,Baddoe,hbaddoed1@creativecommons.org,Male,227.160.224.46
471,Drusie,Muehler,dmuehlerd2@walmart.com,Agender,195.211.209.196
472,Betsey,Fatkin,bfatkind3@squidoo.com,Male,226.217.122.206
473,Cristie,Sambath,csambathd4@sciencedirect.com,Genderqueer,201.178.101.55
474,Louella,Toffaloni,ltoffalonid5@cafepress.com,Agender,231.139.14.143
475,Ricki,Perfect,rperfectd6@china.com.cn,Non-binary,229.160.221.10
476,Janelle,Duggon,jduggond7@123-reg.co.uk,Polygender,37.116.224.204
477,Darbie,Guillond,dguillondd8@mozilla.org,Genderqueer,196.43.227.25
478,Colleen,Giannasi,cgiannasid9@cbsnews.com,Bigender,205.184.164.104
479,Brandais,Limer,blimerda@yellowpages.com,Male,204.74.210.154
480,Abraham,Lax,alaxdb@amazon.co.uk,Agender,83.182.58.30
481,Dre,Fontelles,dfontellesdc@who.int,Polygender,42.35.40.207
482,Bennett,Cosson,bcossondd@amazon.com,Polygender,99.227.246.136
483,Murvyn,Verchambre,mverchambrede@ycombinator.com,Agender,124.164.196.182
484,Larina,Figiovanni,lfigiovannidf@hud.gov,Genderfluid,115.173.161.197
485,Augie,Duns,adunsdg@geocities.com,Genderqueer,90.253.87.213
486,Shawna,Baelde,sbaeldedh@dailymotion.com,Bigender,249.116.171.1
487,Desmond,Gateman,dgatemandi@cargocollective.com,Female,5.31.136.73
488,Faina,Goold,fgoolddj@guardian.co.uk,Polygender,97.242.166.99
489,Kellyann,Alten,kaltendk@ted.com,Female,15.163.41.233
490,Julietta,Stoakes,jstoakesdl@instagram.com,Male,246.249.31.69
491,Donal,Roland,drolanddm@hostgator.com,Female,228.92.133.186
492,Colline,Deveril,cdeverildn@msn.com,Non-binary,52.43.56.26
493,Roderick,Gutridge,rgutridgedo@netvibes.com,Bigender,250.236.79.30
494,Neely,Haggar,nhaggardp@mysql.com,Polygender,140.131.174.193
495,Chantalle,Heddon,cheddondq@nature.com,Non-binary,1.214.119.95
496,Estrellita,Lardeur,elardeurdr@marketwatch.com,Non-binary,211.0.187.184
497,Fee,Kloser,fkloserds@tamu.edu,Genderqueer,179.153.255.172
498,Annalee,Sprigging,aspriggingdt@fda.gov,Non-binary,187.163.8.137
499,Etta,Benford,ebenforddu@behance.net,Male,154.54.110.177
500,Sydel,Stringfellow,sstringfellowdv@mac.com,Female,26.239.225.52
501,Spense,Slimm,sslimmdw@usgs.gov,Female,49.70.228.127
502,Karlens,Scrivinor,kscrivinordx@ovh.net,Bigender,57.176.237.187
503,Boonie,Boom,bboomdy@twitpic.com,Female,166.94.102.101
504,Cyrillus,Pullan,cpullandz@bluehost.com,Bigender,38.150.74.77
505,Costa,Bilbery,cbilberye0@ft.com,Genderqueer,14.23.200.175
506,Alexander,Toffalo,atoffaloe1@de.vu,Agender,207.243.188.63
507,Alasdair,Senecaux,asenecauxe2@fema.gov,Genderfluid,19.130.116.134
508,Shelly,Charkham,scharkhame3@istockphoto.com,Non-binary,71.223.181.97
509,Dela,Mountjoy,dmountjoye4@etsy.com,Female,185.71.72.22
510,Celinka,Skyner,cskynere5@mediafire.com,Non-binary,50.249.67.37
511,Mark,Goburn,mgoburne6@multiply.com,Genderqueer,100.123.7.141
512,Marc,Callery,mcallerye7@microsoft.com,Female,27.13.182.172
513,Georgena,Diegan,gdiegane8@cnn.com,Genderqueer,129.196.153.80
514,Ellette,Laurenceau,elaurenceaue9@oracle.com,Polygender,230.218.132.198
515,Dawna,Heistermann,dheistermannea@blogspot.com,Genderfluid,60.136.115.53
516,Burt,Rocks,brockseb@ebay.com,Non-binary,46.202.141.101
517,Lianna,Burditt,lburdittec@patch.com,Non-binary,56.184.183.145
518,Packston,Burditt,pburditted@slideshare.net,Male,150.123.225.50
519,Kerr,Jenyns,kjenynsee@over-blog.com,Agender,137.111.142.87
520,Jay,Abriani,jabrianief@wp.com,Female,206.96.122.217
521,Susannah,Grahl,sgrahleg@bigcartel.com,Genderfluid,213.242.23.83
522,Roth,Langshaw,rlangshaweh@whitehouse.gov,Polygender,167.197.47.91
523,Sophia,Ingilson,singilsonei@behance.net,Genderqueer,33.104.128.151
524,Elias,Pinniger,epinnigerej@cnbc.com,Bigender,26.253.67.7
525,Modestine,Jakeman,mjakemanek@example.com,Genderqueer,72.71.39.226
526,Betsey,Targetter,btargetterel@nationalgeographic.com,Non-binary,248.207.101.201
527,Willey,Fidell,wfidellem@jiathis.com,Polygender,230.31.153.73
528,Herc,Capron,hcapronen@thetimes.co.uk,Male,74.146.144.229
529,Pegeen,Durman,pdurmaneo@tuttocitta.it,Bigender,21.211.75.172
530,Danyelle,Perrins,dperrinsep@drupal.org,Bigender,29.109.102.166
531,Laurene,Ewart,lewarteq@independent.co.uk,Bigender,57.97.41.191
532,Zena,Mechell,zmecheller@dedecms.com,Genderfluid,28.112.77.90
533,Ninetta,Ivel,niveles@cbslocal.com,Bigender,223.209.231.46
534,Morgen,Ewestace,mewestaceet@ca.gov,Bigender,144.222.223.97
535,Millard,Coast,mcoasteu@china.com.cn,Bigender,73.85.93.80
536,Jaquith,Stringfellow,jstringfellowev@upenn.edu,Genderfluid,64.103.56.203
537,Mallory,Norsister,mnorsisterew@vimeo.com,Non-binary,154.224.179.112
538,Inglis,Dressel,idresselex@house.gov,Non-binary,152.142.202.192
539,Price,Ortzen,portzeney@ycombinator.com,Female,249.212.41.4
540,Dwain,Dickon,ddickonez@elpais.com,Agender,43.40.214.215
541,Jaymee,Gunter,jgunterf0@devhub.com,Genderqueer,90.98.134.104
542,Valentina,Goodred,vgoodredf1@printfriendly.com,Polygender,175.244.42.0
543,Elysha,Leemans,eleemansf2@biglobe.ne.jp,Genderqueer,209.85.160.70
544,Grata,Elan,gelanf3@stanford.edu,Agender,83.170.97.67
545,Hamish,Jacquet,hjacquetf4@360.cn,Female,17.248.23.62
546,Bonnie,Waldera,bwalderaf5@netlog.com,Bigender,151.134.195.121
547,Raphael,Grewcock,rgrewcockf6@weebly.com,Genderfluid,209.199.93.182
548,Sonya,Attyeo,sattyeof7@va.gov,Male,8.0.207.67
549,Clerkclaude,Pollen,cpollenf8@loc.gov,Bigender,157.174.144.58
550,Merlina,MacFadin,mmacfadinf9@domainmarket.com,Bigender,247.100.100.120
551,Julianne,Blaza,jblazafa@soundcloud.com,Bigender,158.169.49.162
552,Rosie,Noot,rnootfb@youku.com,Genderqueer,1.208.82.48
553,Jacquette,Ville,jvillefc@etsy.com,Female,47.197.36.137
554,Carlina,Creelman,ccreelmanfd@ifeng.com,Genderfluid,225.127.135.153
555,Wilhelmine,Demelt,wdemeltfe@reddit.com,Female,114.47.246.18
556,Rasla,Tulloch,rtullochff@google.com.br,Polygender,172.60.240.195
557,Vina,Beckham,vbeckhamfg@wunderground.com,Female,94.9.101.68
558,Florette,Brinsford,fbrinsfordfh@sciencedirect.com,Non-binary,139.247.173.139
559,Mella,McArdell,mmcardellfi@marketwatch.com,Bigender,41.213.112.63
560,Arleyne,Whittaker,awhittakerfj@tumblr.com,Non-binary,247.26.179.156
561,Simone,Greatland,sgreatlandfk@jalbum.net,Non-binary,229.121.150.214
562,Leoline,Zavattiero,lzavattierofl@canalblog.com,Agender,85.94.179.174
563,Elisabet,Maunton,emauntonfm@squarespace.com,Agender,136.197.238.10
564,Robert,Melato,rmelatofn@nifty.com,Bigender,165.217.90.31
565,Luella,Dilston,ldilstonfo@tamu.edu,Genderfluid,202.127.148.166
566,Timothea,Folker,tfolkerfp@clickbank.net,Female,152.80.49.180
567,Shandy,De-Ville,sdevillefq@tamu.edu,Genderfluid,1.50.70.105
568,Gardiner,Wyss,gwyssfr@ca.gov,Male,36.210.241.88
569,Claudie,Elgram,celgramfs@angelfire.com,Non-binary,134.124.111.207
570,Coriss,Spikins,cspikinsft@elegantthemes.com,Genderfluid,15.155.158.200
571,Francois,Blaxton,fblaxtonfu@goo.ne.jp,Genderfluid,189.175.194.224
572,Ennis,Ramberg,erambergfv@businesswire.com,Agender,250.38.161.107
573,Maisie,Merrison,mmerrisonfw@aboutads.info,Male,195.137.11.101
574,Moise,McNellis,mmcnellisfx@woothemes.com,Female,55.222.179.235
575,Lilla,Bartod,lbartodfy@comcast.net,Male,117.137.163.14
576,Hubey,Dorr,hdorrfz@mail.ru,Polygender,121.246.202.124
577,Joline,Arent,jarentg0@yandex.ru,Bigender,46.59.202.117
578,Jasmine,Billham,jbillhamg1@sourceforge.net,Male,41.48.116.64
579,Davina,Ducker,dduckerg2@cocolog-nifty.com,Polygender,200.80.131.229
580,Isiahi,Salling,isallingg3@epa.gov,Bigender,149.211.209.185
581,Calida,Syncke,csynckeg4@hubpages.com,Genderfluid,163.224.53.175
582,Karisa,Thomas,kthomasg5@furl.net,Non-binary,249.40.249.198
583,Clareta,Zanassi,czanassig6@indiatimes.com,Male,179.62.168.242
584,Emmalyn,Lowing,elowingg7@miibeian.gov.cn,Female,83.187.69.67
585,Liliane,Godsell,lgodsellg8@microsoft.com,Male,52.33.123.141
586,Baryram,Warwick,bwarwickg9@army.mil,Agender,197.179.229.117
587,Tarra,Torrance,ttorrancega@yandex.ru,Female,114.195.194.189
588,Oneida,Kinnane,okinnanegb@xinhuanet.com,Genderfluid,84.195.57.111
589,Liza,Durkin,ldurkingc@ucla.edu,Agender,252.158.21.235
590,Jennica,Nurse,jnursegd@dyndns.org,Agender,232.81.223.169
591,Margarita,Matcham,mmatchamge@bbb.org,Genderqueer,86.53.65.58
592,Sunny,Harcarse,sharcarsegf@com.com,Bigender,42.144.131.1
593,Joletta,Pauli,jpauligg@mysql.com,Agender,37.157.122.155
594,Shandra,Phillcock,sphillcockgh@blogspot.com,Genderfluid,56.208.227.119
595,Allix,Alster,aalstergi@4shared.com,Non-binary,157.200.135.190
596,Elyn,Rupp,eruppgj@vimeo.com,Genderqueer,230.84.93.198
597,Carling,Collingwood,ccollingwoodgk@wsj.com,Genderqueer,55.93.241.39
598,Esteban,Keyden,ekeydengl@skyrock.com,Non-binary,30.33.38.100
599,Lolita,Pikhno,lpikhnogm@symantec.com,Agender,93.169.40.139
600,Nathalie,Cogan,ncogangn@fda.gov,Female,13.43.249.28
601,Yanaton,Hustler,yhustlergo@dell.com,Bigender,248.16.76.188
602,Wayne,Shortell,wshortellgp@nature.com,Non-binary,125.3.63.53
603,Heriberto,Guly,hgulygq@jigsy.com,Agender,233.131.223.224
604,Eba,McTrustram,emctrustramgr@bing.com,Female,235.50.222.2
605,Gail,Swale,gswalegs@goo.gl,Bigender,204.37.153.150
606,Karla,Ryles,krylesgt@weibo.com,Non-binary,25.87.250.42
607,Trula,Goodbanne,tgoodbannegu@google.com.br,Agender,79.38.126.177
608,Tiffanie,Arnaldi,tarnaldigv@ucoz.ru,Female,144.16.174.121
609,Ulberto,Brittain,ubrittaingw@ihg.com,Agender,202.50.1.135
610,Sindee,Drewery,sdrewerygx@vkontakte.ru,Agender,69.220.109.60
611,Hyman,Theriot,htheriotgy@amazon.co.uk,Genderqueer,76.207.233.187
612,Ramsey,Abdie,rabdiegz@ustream.tv,Male,131.85.118.56
613,Corny,Gregori,cgregorih0@cnet.com,Polygender,202.188.20.61
614,Jenelle,Castleton,jcastletonh1@pcworld.com,Agender,80.166.252.130
615,Ari,Magauran,amagauranh2@google.ca,Bigender,23.83.210.130
616,Pavla,Kingsmill,pkingsmillh3@who.int,Genderqueer,156.152.32.18
617,Sarge,Bissett,sbissetth4@techcrunch.com,Genderqueer,247.224.110.229
618,Fernanda,Wrigley,fwrigleyh5@eventbrite.com,Polygender,108.65.11.227
619,Coleen,Grundon,cgrundonh6@github.com,Genderqueer,229.195.147.123
620,Xena,Bouldstridge,xbouldstridgeh7@tuttocitta.it,Male,85.130.105.140
621,Lefty,Alennikov,lalennikovh8@squarespace.com,Genderfluid,77.77.224.81
622,Arlene,Kennedy,akennedyh9@nbcnews.com,Agender,240.112.6.123
623,Anabella,Trazzi,atrazziha@chron.com,Female,9.137.158.79
624,Gil,Marrow,gmarrowhb@spiegel.de,Female,207.253.179.84
625,Indira,Larratt,ilarratthc@vinaora.com,Male,49.141.237.124
626,Filberto,Winney,fwinneyhd@ucoz.ru,Agender,41.204.77.48
627,Cecelia,Dobel,cdobelhe@unblog.fr,Male,123.34.229.75
628,Marijo,Fardy,mfardyhf@walmart.com,Bigender,228.10.162.100
629,Stormi,Blaxall,sblaxallhg@blog.com,Polygender,217.189.65.224
630,Hy,Tremblot,htremblothh@ehow.com,Genderqueer,81.132.164.37
631,Elie,Bellini,ebellinihi@jiathis.com,Male,70.36.153.230
632,Lea,Bickerstaffe,lbickerstaffehj@engadget.com,Non-binary,113.192.49.73
633,Mira,Kydd,mkyddhk@cocolog-nifty.com,Genderqueer,134.36.177.228
634,Gwyneth,McBain,gmcbainhl@drupal.org,Male,196.193.152.233
635,Claudianus,Conaboy,cconaboyhm@nsw.gov.au,Male,110.77.181.31
636,Randall,Kitlee,rkitleehn@a8.net,Male,238.27.71.100
637,Gregg,Mynett,gmynettho@xing.com,Agender,39.253.255.238
638,Ophelie,Dahlberg,odahlberghp@wisc.edu,Male,80.17.77.83
639,Brant,Pifford,bpiffordhq@slate.com,Non-binary,85.26.17.199
640,Wren,Kimmins,wkimminshr@devhub.com,Polygender,197.180.101.57
641,Neale,Paolozzi,npaolozzihs@state.gov,Bigender,110.122.119.167
642,Neddy,Orvis,norvisht@parallels.com,Agender,215.156.90.210
643,Jsandye,Speaks,jspeakshu@usa.gov,Genderqueer,42.225.50.92
644,Zonnya,Haddleston,zhaddlestonhv@php.net,Bigender,180.237.155.128
645,Maisey,Boud,mboudhw@yandex.ru,Polygender,6.238.253.155
646,Nels,Radcliffe,nradcliffehx@mozilla.org,Agender,243.171.248.38
647,Guy,Merrin,gmerrinhy@clickbank.net,Genderqueer,0.115.36.152
648,Yvette,Barzen,ybarzenhz@furl.net,Bigender,6.235.5.109
649,Creight,Lowth,clowthi0@meetup.com,Genderqueer,159.51.39.229
650,Hedvige,Grebbin,hgrebbini1@mit.edu,Agender,192.75.81.17
651,Jud,Ianiello,jianielloi2@bandcamp.com,Male,147.229.179.36
652,Sukey,McGonagle,smcgonaglei3@clickbank.net,Genderqueer,52.207.235.211
653,Ashley,Chree,achreei4@ox.ac.uk,Genderqueer,32.57.19.177
654,Mikael,Pimer,mpimeri5@google.cn,Genderfluid,34.85.194.228
655,Nomi,Stilwell,nstilwelli6@ebay.com,Polygender,20.206.207.10
656,Isidore,Halliwell,ihalliwelli7@ycombinator.com,Bigender,12.195.30.211
657,Nadia,Dulwitch,ndulwitchi8@mediafire.com,Polygender,74.120.6.4
658,Gertrud,O'Currigan,gocurrigani9@acquirethisname.com,Non-binary,119.205.118.255
659,Xerxes,Stentiford,xstentifordia@wufoo.com,Non-binary,103.240.140.184
660,Forrest,Fidock,ffidockib@deliciousdays.com,Female,200.217.234.5
661,Auroora,Casali,acasaliic@godaddy.com,Agender,95.213.33.43
662,Cristian,Snook,csnookid@ucla.edu,Bigender,203.155.87.80
663,Gran,Pochon,gpochonie@cornell.edu,Male,189.56.59.70
664,Boony,Burland,bburlandif@irs.gov,Genderqueer,53.100.235.173
665,Keefe,Loughren,kloughrenig@harvard.edu,Female,239.199.23.206
666,Noella,Jaze,njazeih@sohu.com,Female,204.57.52.177
667,Trefor,Guerro,tguerroii@aol.com,Genderfluid,151.17.132.220
668,Kelcy,Sellors,ksellorsij@army.mil,Non-binary,246.68.203.9
669,Cletis,Enrrico,cenrricoik@home.pl,Male,220.163.14.75
670,Estele,Neal,enealil@deliciousdays.com,Male,20.94.184.254
671,Tris,Reskelly,treskellyim@linkedin.com,Agender,73.227.105.8
672,Beverie,De Gregario,bdegregarioin@phpbb.com,Genderqueer,13.85.157.232
673,Ray,Beeho,rbeehoio@vk.com,Polygender,98.208.88.219
674,Andrej,Laurie,alaurieip@thetimes.co.uk,Agender,179.19.95.64
675,Debi,Baxter,dbaxteriq@symantec.com,Non-binary,151.70.7.122
676,Alison,Meggison,ameggisonir@typepad.com,Bigender,36.167.41.182
677,Paul,Fife,pfifeis@1688.com,Genderqueer,250.23.188.81
678,Carmella,Verdey,cverdeyit@uiuc.edu,Genderfluid,120.217.136.240
679,Lisa,Hinken,lhinkeniu@miitbeian.gov.cn,Genderfluid,92.5.66.163
680,Abel,Eilers,aeilersiv@spiegel.de,Genderqueer,127.95.71.255
681,Syd,Carwardine,scarwardineiw@miibeian.gov.cn,Genderqueer,123.69.142.211
682,Tonia,Fawcett,tfawcettix@narod.ru,Polygender,72.194.13.184
683,Guthrie,Carass,gcarassiy@narod.ru,Male,58.86.149.196
684,Carri,Whal,cwhaliz@washingtonpost.com,Female,129.106.20.140
685,Mikey,Bartot,mbartotj0@mayoclinic.com,Genderfluid,89.151.113.247
686,Brunhilde,Ridler,bridlerj1@examiner.com,Genderfluid,13.21.148.207
687,Anthia,Snewin,asnewinj2@canalblog.com,Male,82.140.117.204
688,Karel,Parkin,kparkinj3@liveinternet.ru,Genderfluid,200.196.205.193
689,Karl,Speck,kspeckj4@furl.net,Female,200.79.150.31
690,Tiphany,Garber,tgarberj5@theatlantic.com,Agender,160.128.225.19
691,Ashlan,Gidden,agiddenj6@cbsnews.com,Male,145.75.50.212
692,Terence,Aspland,tasplandj7@pinterest.com,Non-binary,76.222.37.202
693,Tris,Schirok,tschirokj8@irs.gov,Agender,230.106.115.41
694,Nerty,Whitham,nwhithamj9@businessweek.com,Bigender,7.44.167.5
695,Price,Yorkston,pyorkstonja@yale.edu,Male,75.59.80.34
696,Rory,Braisby,rbraisbyjb@discuz.net,Agender,58.63.160.217
697,Kit,Reeds,kreedsjc@dedecms.com,Bigender,212.22.51.19
698,Norris,Luchetti,nluchettijd@hexun.com,Non-binary,126.159.81.222
699,Billie,Clarae,bclaraeje@studiopress.com,Agender,168.108.114.108
700,Emlen,Hassey,ehasseyjf@pen.io,Genderqueer,85.48.15.218
701,Nye,Leadbitter,nleadbitterjg@hugedomains.com,Female,63.207.18.230
702,Cleo,Bowra,cbowrajh@accuweather.com,Female,71.176.102.19
703,Brendis,Meagh,bmeaghji@amazon.co.jp,Female,0.16.119.38
704,Madelin,Moxham,mmoxhamjj@sogou.com,Male,201.138.109.125
705,Flory,Corbert,fcorbertjk@buzzfeed.com,Genderqueer,35.152.35.184
706,Keriann,Saffer,ksafferjl@illinois.edu,Male,99.200.226.81
707,Robbi,Trewman,rtrewmanjm@mediafire.com,Genderqueer,144.188.240.27
708,Elli,Suermeiers,esuermeiersjn@xinhuanet.com,Male,115.192.236.223
709,Annnora,Pietersen,apietersenjo@about.com,Male,232.56.245.174
710,Madlin,Daltrey,mdaltreyjp@infoseek.co.jp,Agender,162.248.252.85
711,Giovanni,Meachem,gmeachemjq@shareasale.com,Genderfluid,150.249.124.50
712,Audi,De Zuani,adezuanijr@nsw.gov.au,Agender,40.175.203.78
713,Torrance,Ivchenko,tivchenkojs@amazon.co.jp,Polygender,151.96.66.129
714,Ray,Costock,rcostockjt@wunderground.com,Agender,76.23.164.2
715,Jecho,Hember,jhemberju@engadget.com,Female,11.144.96.60
716,Rhiamon,Biggin,rbigginjv@163.com,Genderfluid,223.45.200.239
717,Horatius,Lamzed,hlamzedjw@altervista.org,Bigender,212.191.96.35
718,Perren,Hinemoor,phinemoorjx@businessinsider.com,Genderfluid,237.108.99.117
719,Franz,Baumann,fbaumannjy@ucoz.com,Genderqueer,254.23.22.82
720,Neille,Fahrenbach,nfahrenbachjz@un.org,Non-binary,124.253.83.62
721,Misha,Jinkins,mjinkinsk0@nbcnews.com,Agender,14.107.149.178
722,Robinetta,Kershaw,rkershawk1@aol.com,Bigender,226.144.26.7
723,Hazel,Lyddiard,hlyddiardk2@alibaba.com,Genderfluid,25.160.200.168
724,Cassie,Greenhead,cgreenheadk3@cbsnews.com,Bigender,126.203.208.58
725,Glad,Bendare,gbendarek4@shareasale.com,Agender,208.237.81.203
726,Ceil,Busfield,cbusfieldk5@scientificamerican.com,Genderqueer,174.169.197.181
727,Penelope,Kasman,pkasmank6@jigsy.com,Genderfluid,200.69.165.163
728,Viviana,Lind,vlindk7@technorati.com,Agender,140.93.17.223
729,Nadiya,Blasoni,nblasonik8@de.vu,Non-binary,172.7.245.56
730,Rhiamon,Benfield,rbenfieldk9@nyu.edu,Genderqueer,133.45.132.231
731,Sharla,Brisley,sbrisleyka@slashdot.org,Non-binary,233.16.176.54
732,Esther,Le Grys,elegryskb@eventbrite.com,Male,84.203.113.36
733,Fleming,Tamburo,ftamburokc@dropbox.com,Polygender,13.214.124.30
734,Margarita,Fisby,mfisbykd@hostgator.com,Bigender,52.58.184.203
735,Dannel,Navan,dnavanke@ycombinator.com,Agender,25.208.137.210
736,Barney,Bhar,bbharkf@businessweek.com,Genderqueer,181.92.148.20
737,Tresa,Behneke,tbehnekekg@xrea.com,Bigender,138.63.24.16
738,Perrine,Haughan,phaughankh@linkedin.com,Genderqueer,101.235.33.72
739,Morissa,Whiskerd,mwhiskerdki@cpanel.net,Non-binary,59.167.161.202
740,Lolita,Maceur,lmaceurkj@earthlink.net,Polygender,231.119.14.115
741,Barnie,Spence,bspencekk@slashdot.org,Agender,218.255.11.6
742,Tarrah,Szanto,tszantokl@illinois.edu,Genderfluid,38.236.70.184
743,Nadeen,Blount,nblountkm@naver.com,Agender,245.210.19.197
744,Maison,Bromont,mbromontkn@stumbleupon.com,Genderqueer,155.5.109.34
745,Gunilla,Gellett,ggellettko@xing.com,Genderfluid,10.247.95.178
746,Jere,Guilfoyle,jguilfoylekp@jiathis.com,Genderqueer,143.194.97.234
747,Hussein,Briiginshaw,hbriiginshawkq@dot.gov,Polygender,132.38.27.48
748,Teena,Marzellano,tmarzellanokr@jimdo.com,Genderfluid,8.196.126.129
749,Gabriel,Cottill,gcottillks@fda.gov,Non-binary,145.218.232.243
750,Shaine,Caldes,scaldeskt@huffingtonpost.com,Genderqueer,111.92.94.22
751,Sanderson,Vallack,svallackku@wix.com,Female,175.176.131.239
752,Evey,Prestidge,eprestidgekv@baidu.com,Agender,98.251.33.148
753,Saxon,Obey,sobeykw@si.edu,Male,204.64.81.29
754,Junie,Passler,jpasslerkx@wordpress.org,Non-binary,54.225.184.233
755,Bliss,Venn,bvennky@squidoo.com,Bigender,118.54.251.91
756,Arley,Stollhofer,astollhoferkz@baidu.com,Genderqueer,28.154.94.244
757,Golda,Nayshe,gnayshel0@ask.com,Non-binary,219.79.162.243
758,Gilbertine,Mattosoff,gmattosoffl1@networksolutions.com,Female,194.101.84.73
759,Megen,Marcus,mmarcusl2@topsy.com,Agender,9.147.62.88
760,Heriberto,Moar,hmoarl3@answers.com,Polygender,91.135.1.33
761,Eolanda,Rainbow,erainbowl4@quantcast.com,Genderfluid,6.245.96.32
762,Starlin,Cornforth,scornforthl5@google.it,Genderfluid,194.150.101.236
763,Carleton,Churchlow,cchurchlowl6@va.gov,Non-binary,28.144.140.184
764,Tam,Corselles,tcorsellesl7@hc360.com,Female,250.61.4.112
765,Jolynn,Lampard,jlampardl8@ucoz.ru,Female,95.103.207.93
766,Nicolis,Skey,nskeyl9@ftc.gov,Bigender,180.209.185.147
767,Cloris,Local,clocalla@webeden.co.uk,Non-binary,199.222.190.151
768,Anderson,Culkin,aculkinlb@netlog.com,Non-binary,157.67.240.159
769,Waly,Sancraft,wsancraftlc@examiner.com,Agender,132.8.18.48
770,Bernhard,Meany,bmeanyld@multiply.com,Genderqueer,42.29.160.29
771,Nadia,Atley,natleyle@homestead.com,Female,104.199.27.168
772,Abdul,Androli,aandrolilf@ftc.gov,Bigender,57.73.192.16
773,Sibylle,Yegorchenkov,syegorchenkovlg@meetup.com,Genderfluid,50.197.189.57
774,Kimbell,Heliet,khelietlh@pen.io,Non-binary,44.27.157.118
775,Robbi,Brunning,rbrunningli@goo.gl,Genderfluid,167.156.241.244
776,Madelle,A'Barrow,mabarrowlj@omniture.com,Non-binary,220.216.15.144
777,Robinett,Munsey,rmunseylk@wordpress.org,Male,134.238.83.61
778,Viv,Faint,vfaintll@dailymail.co.uk,Genderfluid,55.154.104.149
779,Lyda,Emsley,lemsleylm@amazon.co.jp,Genderfluid,213.225.163.45
780,Monroe,Edwards,medwardsln@sohu.com,Genderqueer,26.223.26.148
781,Hunfredo,Etienne,hetiennelo@tiny.cc,Agender,74.139.252.234
782,Jade,Kuschke,jkuschkelp@buzzfeed.com,Genderfluid,216.10.14.243
783,Griffie,Walles,gwalleslq@dagondesign.com,Genderfluid,39.15.196.181
784,Jordain,Karleman,jkarlemanlr@naver.com,Female,114.160.29.17
785,Katerina,Argente,kargentels@sphinn.com,Genderqueer,86.3.147.159
786,Nicholas,Southern,nsouthernlt@studiopress.com,Agender,216.58.155.137
787,Fabiano,Screwton,fscrewtonlu@scientificamerican.com,Polygender,96.42.148.205
788,Gaultiero,Morling,gmorlinglv@walmart.com,Non-binary,195.0.193.3
789,Antoinette,Farmiloe,afarmiloelw@fda.gov,Genderfluid,238.110.118.221
790,Bondon,Kibblewhite,bkibblewhitelx@soundcloud.com,Female,155.184.27.152
791,Georgiana,Boolsen,gboolsenly@yale.edu,Genderqueer,147.249.106.198
792,Jannel,Barendtsen,jbarendtsenlz@rediff.com,Polygender,14.67.112.187
793,Heddi,Bartosch,hbartoschm0@skype.com,Female,85.93.89.194
794,Jany,Abriani,jabrianim1@ft.com,Female,136.244.83.166
795,Ivonne,Vollam,ivollamm2@ucsd.edu,Non-binary,126.17.39.228
796,Freddie,Fidal,ffidalm3@gmpg.org,Genderfluid,52.51.21.101
797,Matthaeus,Callf,mcallfm4@hugedomains.com,Non-binary,80.161.163.228
798,Bil,Ricardo,bricardom5@pen.io,Non-binary,49.168.144.115
799,Nicoline,Larroway,nlarrowaym6@jugem.jp,Genderqueer,153.248.126.16
800,Lothaire,Hale,lhalem7@yellowpages.com,Agender,246.5.73.230
801,Ilene,Derricoat,iderricoatm8@usnews.com,Genderqueer,161.197.248.104
802,Payton,Stredder,pstredderm9@bloomberg.com,Bigender,68.34.81.46
803,Gale,Tattersfield,gtattersfieldma@wsj.com,Female,231.162.229.230
804,Adorne,O' Scallan,aoscallanmb@sakura.ne.jp,Agender,70.249.195.27
805,Cash,Scamwell,cscamwellmc@hud.gov,Genderfluid,62.69.143.77
806,Karmen,Schofield,kschofieldmd@fastcompany.com,Female,71.152.213.173
807,Raynor,Bruffell,rbruffellme@jiathis.com,Polygender,175.50.157.168
808,Shaina,Piggot,spiggotmf@trellian.com,Genderqueer,49.185.57.50
809,Gustaf,Sollowaye,gsollowayemg@amazon.co.uk,Male,95.55.135.116
810,Barnabe,Kuzma,bkuzmamh@sfgate.com,Agender,157.162.61.70
811,Artie,Minucci,aminuccimi@xinhuanet.com,Polygender,246.166.203.242
812,Nelson,Prior,npriormj@infoseek.co.jp,Bigender,253.129.98.250
813,Nestor,Falco,nfalcomk@bloglines.com,Non-binary,164.156.49.189
814,Cally,Bunting,cbuntingml@xinhuanet.com,Agender,95.69.13.206
815,Lizzie,Crowcroft,lcrowcroftmm@rediff.com,Female,229.68.229.246
816,Tiebout,Augar,taugarmn@furl.net,Female,73.224.112.105
817,Mellicent,Cogan,mcoganmo@nyu.edu,Non-binary,104.143.129.34
818,Drake,Sawyers,dsawyersmp@bravesites.com,Bigender,165.66.187.233
819,Artemus,Basnall,abasnallmq@washingtonpost.com,Female,222.178.205.251
820,Alia,Paszek,apaszekmr@seesaa.net,Genderqueer,177.20.76.148
821,Rubie,Shallcross,rshallcrossms@biblegateway.com,Male,238.7.225.47
822,Kass,Dunne,kdunnemt@blogspot.com,Female,133.251.132.183
823,Shari,Pinkie,spinkiemu@nydailynews.com,Female,179.29.199.208
824,Yovonnda,Johnys,yjohnysmv@webmd.com,Female,172.39.130.225
825,Perl,Kummerlowe,pkummerlowemw@nydailynews.com,Male,74.63.52.182
826,Brenna,Dene,bdenemx@senate.gov,Bigender,141.104.81.212
827,Marianna,McCosker,mmccoskermy@parallels.com,Polygender,139.2.243.190
828,Monte,Judson,mjudsonmz@ask.com,Bigender,161.242.137.130
829,Giselle,Reeman,greemann0@youtu.be,Non-binary,147.15.216.26
830,Rikki,Darlasson,rdarlassonn1@cdbaby.com,Male,71.81.136.95
831,Jamaal,Newlan,jnewlann2@cbsnews.com,Non-binary,146.131.132.143
832,Saxon,Cantero,scanteron3@com.com,Genderqueer,67.100.72.74
833,Domenico,Puleque,dpulequen4@opera.com,Male,16.152.89.9
834,Filmore,Sturte,fsturten5@163.com,Male,145.202.81.246
835,Debor,Garrigan,dgarrigann6@nhs.uk,Non-binary,237.120.129.169
836,Cordy,Ilson,cilsonn7@pagesperso-orange.fr,Polygender,200.27.227.30
837,Stace,Marsland,smarslandn8@mapquest.com,Polygender,67.188.192.27
838,Stefa,Heisman,sheismann9@walmart.com,Polygender,204.114.104.68
839,Norry,Allmann,nallmannna@studiopress.com,Polygender,69.47.4.115
840,Aland,Alentyev,aalentyevnb@quantcast.com,Genderqueer,237.230.245.61
841,Elsbeth,Buessen,ebuessennc@geocities.jp,Polygender,109.64.87.144
842,Deidre,Oldacres,doldacresnd@blogtalkradio.com,Genderqueer,191.33.127.136
843,Sile,Dent,sdentne@github.com,Genderfluid,187.223.127.155
844,Sissy,de Villier,sdevilliernf@de.vu,Genderqueer,186.125.175.121
845,Antons,Shoreman,ashoremanng@zimbio.com,Genderqueer,177.136.234.66
846,Asher,Prall,aprallnh@thetimes.co.uk,Non-binary,198.255.35.112
847,Hillard,Petherick,hpetherickni@shutterfly.com,Male,234.87.162.42
848,Annetta,Mitcheson,amitchesonnj@discovery.com,Male,245.228.5.30
849,Anna,Casewell,acasewellnk@bloomberg.com,Genderfluid,171.233.170.174
850,Egon,Childs,echildsnl@networksolutions.com,Genderfluid,9.235.185.82
851,Lester,Mynett,lmynettnm@eepurl.com,Non-binary,251.171.157.59
852,Wright,Dunguy,wdunguynn@jalbum.net,Genderfluid,155.5.108.114
853,Brendin,Varley,bvarleyno@storify.com,Female,87.38.18.183
854,Chuck,Alexandersen,calexandersennp@quantcast.com,Genderqueer,71.158.226.131
855,Gaylene,Stennings,gstenningsnq@youtube.com,Male,123.230.182.159
856,Urban,Lavelle,ulavellenr@wikispaces.com,Bigender,250.156.254.217
857,Arvin,Gailor,agailorns@hostgator.com,Agender,101.47.5.244
858,Nadya,Shingler,nshinglernt@webmd.com,Male,208.238.252.144
859,Hilary,Kesteven,hkestevennu@myspace.com,Agender,50.94.103.188
860,Isabella,Hanford,ihanfordnv@ehow.com,Genderqueer,18.93.36.230
861,Stormie,Farrimond,sfarrimondnw@vimeo.com,Genderfluid,223.94.161.73
862,Dorothea,Sedgefield,dsedgefieldnx@princeton.edu,Non-binary,161.7.49.87
863,Base,Rippingall,brippingallny@webmd.com,Genderfluid,48.246.64.12
864,Loraine,Mettetal,lmettetalnz@hc360.com,Bigender,81.8.112.107
865,Cedric,Lytlle,clytlleo0@squidoo.com,Female,188.176.47.161
866,Wright,Alliston,wallistono1@ehow.com,Bigender,48.212.186.23
867,Lorette,Hume,lhumeo2@microsoft.com,Bigender,68.246.144.189
868,Jo ann,Yurkov,jyurkovo3@hexun.com,Female,54.53.187.120
869,Lettie,Brookzie,lbrookzieo4@bizjournals.com,Bigender,186.60.56.174
870,Gaby,Weld,gweldo5@dion.ne.jp,Male,166.66.181.226
871,Kelcy,Chelam,kchelamo6@businessinsider.com,Genderqueer,20.166.148.77
872,Crissie,Ortega,cortegao7@miitbeian.gov.cn,Female,7.48.244.100
873,Aldus,Treves,atreveso8@tuttocitta.it,Genderfluid,47.228.202.200
874,Leann,Cattini,lcattinio9@shutterfly.com,Female,72.243.8.247
875,Mayor,Fancett,mfancettoa@wikia.com,Genderqueer,27.144.21.91
876,Jany,Lanmeid,jlanmeidob@indiatimes.com,Polygender,181.228.77.32
877,Edi,Wootton,ewoottonoc@google.nl,Genderfluid,165.63.177.101
878,Cort,Pook,cpookod@joomla.org,Agender,52.183.94.252
879,Jessy,Pires,jpiresoe@dedecms.com,Female,18.210.238.158
880,Thornton,Gowthrop,tgowthropof@trellian.com,Genderfluid,166.144.107.152
881,Willamina,Bosse,wbosseog@weebly.com,Agender,4.219.187.81
882,Fionnula,Blenkharn,fblenkharnoh@va.gov,Non-binary,146.174.42.143
883,Katlin,Farquhar,kfarquharoi@fastcompany.com,Polygender,236.22.247.186
884,Dorotea,Huxster,dhuxsteroj@flickr.com,Non-binary,14.47.117.20
885,Iosep,Ghioni,ighioniok@canalblog.com,Genderfluid,140.97.187.55
886,Waiter,Doncaster,wdoncasterol@si.edu,Female,52.49.28.118
887,Sayer,Lyptratt,slyptrattom@soup.io,Female,106.217.117.78
888,Prince,Roberson,probersonon@unblog.fr,Bigender,142.139.201.164
889,Frank,Hamber,fhamberoo@wikispaces.com,Female,88.53.100.57
890,Godfrey,Fowles,gfowlesop@kickstarter.com,Agender,20.224.176.148
891,Elizabeth,Aldis,ealdisoq@hp.com,Genderqueer,168.63.250.57
892,Ranique,Stiegars,rstiegarsor@irs.gov,Bigender,86.128.48.19
893,Tore,Frude,tfrudeos@businessweek.com,Female,128.249.177.123
894,Casie,Kipling,ckiplingot@merriam-webster.com,Male,167.45.17.143
895,Bibbie,Sterzaker,bsterzakerou@hud.gov,Genderfluid,134.244.97.121
896,Sherill,Jannasch,sjannaschov@reference.com,Polygender,211.79.252.71
897,Reggy,Chalcot,rchalcotow@acquirethisname.com,Non-binary,0.57.163.177
898,Tamra,Archibould,tarchibouldox@wix.com,Female,147.209.67.231
899,Lynnea,Dullaghan,ldullaghanoy@wordpress.org,Non-binary,178.22.67.229
900,Katie,Kitchenham,kkitchenhamoz@globo.com,Male,72.42.130.13
901,Anallise,McCuaig,amccuaigp0@drupal.org,Non-binary,49.186.209.176
902,Kaitlin,Melley,kmelleyp1@drupal.org,Non-binary,17.217.76.35
903,Rufe,Blemen,rblemenp2@goodreads.com,Non-binary,2.160.100.16
904,Merrel,Clemitt,mclemittp3@a8.net,Male,77.182.149.120
905,Gilbert,Salamon,gsalamonp4@columbia.edu,Bigender,113.52.35.43
906,Kathie,Doerling,kdoerlingp5@google.com.au,Bigender,212.203.7.168
907,Oates,Cracknall,ocracknallp6@arizona.edu,Genderfluid,8.10.248.135
908,Mikey,Pauel,mpauelp7@ameblo.jp,Male,89.179.172.91
909,Garth,Ferrulli,gferrullip8@prweb.com,Polygender,209.100.240.134
910,Quinn,Pesticcio,qpesticciop9@bandcamp.com,Bigender,27.218.167.234
911,Tuckie,Benoey,tbenoeypa@nhs.uk,Non-binary,99.13.201.132
912,Jeffie,Igglesden,jigglesdenpb@home.pl,Female,194.198.159.88
913,Seumas,Gohn,sgohnpc@discuz.net,Polygender,189.93.116.124
914,Abbe,Mussared,amussaredpd@1und1.de,Bigender,115.130.214.99
915,Tammy,Glidder,tglidderpe@thetimes.co.uk,Genderqueer,182.12.18.241
916,Rubetta,Barritt,rbarrittpf@wikipedia.org,Genderfluid,247.107.28.59
917,Trev,Huntley,thuntleypg@go.com,Genderqueer,41.96.141.84
918,Marcie,Hammerton,mhammertonph@digg.com,Bigender,179.145.89.200
919,Engracia,Free,efreepi@apple.com,Polygender,237.161.29.92
920,Ava,Bilfoot,abilfootpj@nifty.com,Polygender,206.43.12.168
921,Saundra,Feavers,sfeaverspk@devhub.com,Bigender,207.213.235.82
922,Rickey,Somes,rsomespl@technorati.com,Agender,242.39.250.101
923,Todd,Oldmeadow,toldmeadowpm@about.com,Female,231.138.150.32
924,Jaime,Whipple,jwhipplepn@spotify.com,Bigender,108.164.129.137
925,Earlie,Trenholme,etrenholmepo@cyberchimps.com,Male,116.3.208.37
926,Addison,Thurling,athurlingpp@mit.edu,Genderqueer,16.137.250.162
927,Danice,Nilles,dnillespq@csmonitor.com,Bigender,44.120.163.20
928,Fleming,Burnand,fburnandpr@paypal.com,Bigender,219.92.253.183
929,Mace,Keepe,mkeepeps@geocities.com,Agender,98.111.172.235
930,Leeland,Bonallick,lbonallickpt@soup.io,Non-binary,91.77.240.75
931,Cristen,Barth,cbarthpu@ft.com,Genderfluid,248.59.181.21
932,Troy,Worham,tworhampv@mapy.cz,Agender,151.140.94.91
933,Lindy,Thoumas,lthoumaspw@intel.com,Male,27.25.206.206
934,Chris,Doey,cdoeypx@ibm.com,Polygender,190.52.228.32
935,Stephana,Wimbush,swimbushpy@i2i.jp,Genderqueer,168.171.184.0
936,Carena,Domenget,cdomengetpz@sina.com.cn,Genderqueer,13.94.90.135
937,Damara,Fike,dfikeq0@paginegialle.it,Genderfluid,146.198.23.180
938,Maje,Walklott,mwalklottq1@utexas.edu,Agender,92.189.18.129
939,Casar,Clapp,cclappq2@cargocollective.com,Agender,16.13.213.134
940,Ginelle,Gepheart,ggepheartq3@ucsd.edu,Genderfluid,199.222.191.250
941,Nona,Losty,nlostyq4@ifeng.com,Bigender,3.86.72.211
942,Alfi,Traise,atraiseq5@squarespace.com,Agender,64.92.113.147
943,Sollie,Duggon,sduggonq6@a8.net,Female,52.251.35.132
944,Debee,Kingswell,dkingswellq7@linkedin.com,Female,103.15.120.161
945,Dante,Bernardoni,dbernardoniq8@google.com.br,Non-binary,178.201.193.124
946,Aubrie,Jorczyk,ajorczykq9@google.nl,Male,97.133.236.108
947,Ollie,Andrys,oandrysqa@who.int,Male,92.240.183.109
948,Rockey,Ramsby,rramsbyqb@artisteer.com,Genderfluid,48.254.104.242
949,Culley,Epsly,cepslyqc@instagram.com,Polygender,58.18.50.208
950,Brear,Kennham,bkennhamqd@harvard.edu,Polygender,92.205.156.170
951,Gabbey,Leemans,gleemansqe@networksolutions.com,Male,77.51.149.241
952,Annelise,Geekin,ageekinqf@weebly.com,Male,218.234.198.235
953,Cindee,Ratnage,cratnageqg@rakuten.co.jp,Female,42.163.94.175
954,Mead,Drees,mdreesqh@admin.ch,Polygender,20.153.145.194
955,Randolph,Gleadhall,rgleadhallqi@tripadvisor.com,Genderfluid,101.154.0.96
956,Michale,Adamo,madamoqj@cocolog-nifty.com,Non-binary,209.189.71.74
957,Maurice,Gaskell,mgaskellqk@slate.com,Agender,4.58.13.85
958,Oren,Arnould,oarnouldql@canalblog.com,Genderfluid,9.234.143.243
959,Florina,Begbie,fbegbieqm@unblog.fr,Female,177.170.151.198
960,Purcell,Prothero,pprotheroqn@printfriendly.com,Male,51.231.95.196
961,Yancy,MacAskie,ymacaskieqo@redcross.org,Bigender,246.129.224.216
962,Maryl,Gehringer,mgehringerqp@google.com.br,Agender,122.72.194.73
963,Clim,Balaisot,cbalaisotqq@angelfire.com,Non-binary,236.108.171.77
964,Angelico,Perrelli,aperrelliqr@wordpress.org,Female,46.95.109.38
965,Jay,Wetherhead,jwetherheadqs@chicagotribune.com,Agender,24.93.53.123
966,Justin,Daniaud,jdaniaudqt@toplist.cz,Non-binary,106.59.135.3
967,Sunny,Endricci,sendricciqu@de.vu,Genderfluid,86.167.82.48
968,Casey,Dorrins,cdorrinsqv@forbes.com,Male,183.90.171.211
969,Cristiano,Craigg,ccraiggqw@princeton.edu,Agender,79.198.51.1
970,Fabio,Isabell,fisabellqx@symantec.com,Agender,185.101.110.53
971,Katleen,Thwaite,kthwaiteqy@networkadvertising.org,Polygender,58.134.149.62
972,Jacquelyn,Forlong,jforlongqz@arstechnica.com,Non-binary,121.69.2.158
973,Chevalier,Litherland,clitherlandr0@theguardian.com,Bigender,32.226.13.152
974,Lacey,Vause,lvauser1@godaddy.com,Agender,164.132.254.205
975,Rudolph,Cull,rcullr2@hhs.gov,Polygender,222.167.166.249
976,Dore,Moukes,dmoukesr3@mozilla.com,Genderqueer,49.209.37.136
977,Fitz,Jirus,fjirusr4@webnode.com,Male,174.92.66.168
978,Paxon,Bouskill,pbouskillr5@issuu.com,Non-binary,228.207.160.40
979,Romain,Spur,rspurr6@google.ru,Male,2.230.49.110
980,Hayden,Phillp,hphillpr7@wp.com,Agender,180.240.64.133
981,Martina,Arrell,marrellr8@cocolog-nifty.com,Female,207.37.103.64
982,Jacquelin,Cawsey,jcawseyr9@webeden.co.uk,Genderfluid,145.71.17.83
983,Peter,Colles,pcollesra@ucoz.com,Agender,255.24.91.210
984,Mary,Ternott,mternottrb@jugem.jp,Polygender,211.128.249.25
985,Meggi,Camber,mcamberrc@buzzfeed.com,Non-binary,182.144.63.246
986,Brewer,Damiral,bdamiralrd@goo.ne.jp,Non-binary,120.25.151.249
987,Berget,Rabidge,brabidgere@cloudflare.com,Bigender,60.179.108.131
988,Connie,Thelwll,cthelwllrf@soundcloud.com,Genderfluid,168.83.171.255
989,Andrea,Aylward,aaylwardrg@squidoo.com,Bigender,234.250.194.119
990,Humbert,Luebbert,hluebbertrh@reference.com,Agender,12.84.9.184
991,Rudie,Champniss,rchampnissri@wikimedia.org,Non-binary,92.54.245.97
992,Cathie,Bushrod,cbushrodrj@shop-pro.jp,Agender,200.71.102.111
993,Leanora,Skrzynski,lskrzynskirk@google.es,Non-binary,19.184.190.242
994,Brunhilde,Le Frank,blefrankrl@blogspot.com,Polygender,204.54.49.241
995,Phylis,Lunbech,plunbechrm@homestead.com,Male,0.220.8.244
996,Alexandre,Crump,acrumprn@twitter.com,Polygender,224.232.237.216
997,Dave,Edmett,dedmettro@360.cn,Genderfluid,245.193.241.121
998,Konstantine,Commuzzo,kcommuzzorp@ebay.com,Female,74.202.84.107
999,Debbie,Abbotts,dabbottsrq@vistaprint.com,Non-binary,228.25.149.217
1000,Jewel,Orts,jortsrr@gnu.org,Genderqueer,144.156.69.168
