id,first_name,last_name,email,gender,ip_address
1,Horton,Natte,hnatte0@state.tx.us,Male,145.80.131.244
2,Jakob,Boothroyd,jboothroyd1@printfriendly.com,Male,83.136.223.7
3,Bentley,Finden,bfinden2@gov.uk,Male,83.217.100.77
4,Linnie,Straker,lstraker3@goo.gl,Female,139.30.88.232
5,Imelda,Thurling,ithurling4@ed.gov,Female,139.148.209.18
6,Marlene,Cappineer,mcappineer5@fc2.com,Female,200.234.87.205
7,Caz,Krauze,ckrauze6@google.com.au,Male,120.142.101.183
8,Pembroke,Jarrelt,pjarrelt7@scientificamerican.com,Male,6.128.208.232
9,Burg,Petrakov,bpetrakov8@yahoo.co.jp,Male,231.54.137.224
10,Annissa,Dicken,adicken9@whitehouse.gov,Female,116.78.127.19
11,Herminia,Tabour,htaboura@marketwatch.com,Female,222.212.198.63
12,Pascal,Amy,pamyb@nasa.gov,Male,14.78.23.217
13,Maria,Loachhead,mloachheadc@icio.us,Female,241.162.98.184
14,Bonni,Smallpeace,bsmallpeaced@dropbox.com,Female,55.74.17.93
15,Viole,Ellerman,vellermane@comcast.net,Female,129.162.162.91
16,Aviva,Bedle,abedlef@hubpages.com,Female,120.22.151.122
17,Roch,Corselles,rcorsellesg@google.com.br,Female,228.175.116.143
18,Miof mela,Guerin,mguerinh@abc.net.au,Female,123.68.70.166
19,Frants,Redgate,fredgatei@ucsd.edu,Male,58.89.252.86
20,Selby,Cordall,scordallj@ucla.edu,Male,148.122.251.0
21,Gavin,Chicken,gchickenk@arizona.edu,Male,15.189.212.244
22,Gilberta,Winkless,gwinklessl@senate.gov,Female,16.19.122.45
23,Jennie,Rayment,jraymentm@weather.com,Female,101.132.188.117
24,Sandro,Francis,sfrancisn@ucla.edu,Male,151.13.32.250
25,Durant,Popland,dpoplando@parallels.com,Male,0.5.244.32
26,Conroy,Taggerty,ctaggertyp@netvibes.com,Male,3.76.107.99
27,Cheston,Dyson,cdysonq@quantcast.com,Male,140.62.174.47
28,Athena,Pickston,apickstonr@java.com,Female,85.249.34.29
29,Adrian,Taft,atafts@ucsd.edu,Male,57.63.150.219
30,Brenda,Welland,bwellandt@disqus.com,Female,81.14.104.202
31,Valdemar,Boshard,vboshardu@arstechnica.com,Male,203.143.131.77
32,Kristian,Penticost,kpenticostv@sbwire.com,Male,140.147.164.196
33,Donny,McFade,dmcfadew@unc.edu,Male,195.200.255.146
34,Elene,Simons,esimonsx@slate.com,Female,252.3.188.157
35,Valenka,Buckney,vbuckneyy@google.de,Female,54.240.153.57
36,Will,Tokell,wtokellz@independent.co.uk,Male,129.110.67.5
37,Karola,Biggen,kbiggen10@vkontakte.ru,Female,155.79.165.113
38,Minta,Reichhardt,mreichhardt11@hibu.com,Female,232.79.76.39
39,Donny,Wylam,dwylam12@springer.com,Female,99.79.200.73
40,Tresa,Moxon,tmoxon13@patch.com,Female,35.238.165.216
41,Lurline,Whitemarsh,lwhitemarsh14@studiopress.com,Female,13.156.240.98
42,Tony,Nolda,tnolda15@ox.ac.uk,Male,202.99.81.99
43,Kaylee,Josephy,kjosephy16@prweb.com,Female,19.200.192.96
44,Dael,Broadbury,dbroadbury17@admin.ch,Male,172.183.108.130
45,Aurelie,Krystof,akrystof18@hp.com,Female,105.172.197.238
46,Daphne,Kelberer,dkelberer19@yahoo.com,Female,116.211.81.209
47,Brit,Yakebowitch,byakebowitch1a@google.de,Male,104.77.16.116
48,Katusha,Minmagh,kminmagh1b@360.cn,Female,188.149.134.226
49,Porty,Pratton,ppratton1c@bandcamp.com,Male,171.54.118.200
50,Dwayne,Mulhall,dmulhall1d@oracle.com,Male,43.52.22.74
51,Lorin,Shalloe,lshalloe1e@hhs.gov,Male,1.147.98.171
52,Tan,Skrines,tskrines1f@dagondesign.com,Male,172.125.248.254
53,Cris,Lawson,clawson1g@arizona.edu,Male,229.109.84.25
54,Dorie,Shorland,dshorland1h@oakley.com,Male,27.173.32.105
55,Kary,Galpen,kgalpen1i@youtu.be,Female,160.135.134.118
56,Helen-elizabeth,Cracoe,hcracoe1j@hibu.com,Female,231.4.213.46
57,Noland,Booton,nbooton1k@wix.com,Male,238.19.4.5
58,Elwyn,Pickerin,epickerin1l@statcounter.com,Male,197.114.71.247
59,Maritsa,Spurett,mspurett1m@spiegel.de,Female,234.195.100.33
60,Lidia,Ingray,lingray1n@tripadvisor.com,Female,59.215.197.67
61,Miran,Flawn,mflawn1o@dagondesign.com,Female,251.19.176.94
62,Alick,Leavesley,aleavesley1p@indiatimes.com,Male,88.129.85.242
63,Hesther,Sharvell,hsharvell1q@china.com.cn,Female,198.190.107.109
64,Ingmar,Brasted,ibrasted1r@unblog.fr,Male,66.212.129.221
65,Marcia,Paridge,mparidge1s@dell.com,Female,132.92.26.7
66,Cole,Trimming,ctrimming1t@csmonitor.com,Male,18.95.223.162
67,Man,Rein,mrein1u@tmall.com,Male,105.50.173.25
68,Johnette,Johnston,jjohnston1v@usda.gov,Female,47.236.98.13
69,Etan,Van der Krui,evanderkrui1w@gizmodo.com,Male,246.148.160.235
70,Roxy,Brookwood,rbrookwood1x@si.edu,Female,96.167.142.104
71,Wileen,Ianiello,wianiello1y@printfriendly.com,Female,139.9.242.28
72,Vivie,Vasechkin,vvasechkin1z@imdb.com,Female,116.25.133.76
73,Sherwynd,Mitkcov,smitkcov20@adobe.com,Male,16.212.238.181
74,Rolfe,Occleshaw,roccleshaw21@slashdot.org,Male,153.148.200.112
75,Erl,Armal,earmal22@netvibes.com,Male,212.150.62.64
76,Alix,Fernant,afernant23@salon.com,Female,17.199.183.190
77,Jermaine,Brager,jbrager24@lulu.com,Female,96.175.232.96
78,Gasper,Center,gcenter25@meetup.com,Male,126.147.146.115
79,Essy,Farre,efarre26@gravatar.com,Female,173.157.182.156
80,Chloe,Brownsmith,cbrownsmith27@newsvine.com,Female,72.98.156.22
81,Prentice,Landes,plandes28@narod.ru,Male,142.75.80.187
82,Jarib,Casarili,jcasarili29@homestead.com,Male,232.126.73.193
83,Willdon,Peers,wpeers2a@yahoo.co.jp,Male,65.178.167.90
84,Erica,Sellwood,esellwood2b@delicious.com,Female,135.181.153.72
85,Rhona,Shovelin,rshovelin2c@upenn.edu,Female,45.199.151.126
86,Nolie,Larwood,nlarwood2d@about.me,Female,221.29.62.127
87,Carmel,Yakov,cyakov2e@nymag.com,Female,77.43.70.165
88,Curtis,Hearnshaw,chearnshaw2f@biblegateway.com,Male,135.32.73.140
89,Amye,Loker,aloker2g@mediafire.com,Female,98.104.53.127
90,Camala,Ivory,civory2h@moonfruit.com,Female,224.217.102.68
91,Isabelita,Rainbow,irainbow2i@amazon.com,Female,124.148.81.233
92,Harlie,Hollingsbee,hhollingsbee2j@mozilla.org,Female,9.205.100.122
93,Thayne,Cowin,tcowin2k@army.mil,Male,212.188.181.149
94,Randy,Goatman,rgoatman2l@who.int,Male,107.87.30.242
95,Demetri,Kenworthy,dkenworthy2m@google.co.uk,Male,60.165.178.134
96,Garald,Heaker,gheaker2n@liveinternet.ru,Male,2.150.242.138
97,Cameron,Bovingdon,cbovingdon2o@foxnews.com,Male,159.116.248.9
98,Minetta,Shrive,mshrive2p@fda.gov,Female,191.164.44.158
99,Orlando,Fennell,ofennell2q@constantcontact.com,Male,127.112.22.164
100,Cointon,Venditti,cvenditti2r@java.com,Male,20.96.175.107
101,Wallace,Bradd,wbradd2s@archive.org,Male,85.194.20.112
102,Dilly,Moss,dmoss2t@geocities.com,Male,9.164.25.105
103,Giacinta,Oakenfall,goakenfall2u@google.co.jp,Female,116.62.197.225
104,Rachael,Gregoriou,rgregoriou2v@liveinternet.ru,Female,18.230.199.6
105,Any,Moohan,amoohan2w@cyberchimps.com,Male,4.13.177.62
106,Grange,Morton,gmorton2x@a8.net,Male,16.89.213.115
107,Margit,Blakeley,mblakeley2y@biblegateway.com,Female,194.12.18.87
108,Dian,Farloe,dfarloe2z@prweb.com,Female,41.174.154.167
109,Doralia,Bengall,dbengall30@yahoo.co.jp,Female,252.46.192.127
110,Jonathan,Bilbrey,jbilbrey31@squarespace.com,Male,212.114.28.236
111,Tania,Kahane,tkahane32@tinyurl.com,Female,103.172.114.245
112,Jo ann,Varlow,jvarlow33@lulu.com,Female,17.47.162.119
113,Thomasine,Macci,tmacci34@yahoo.com,Female,44.46.29.71
114,Abbey,Bolmann,abolmann35@dyndns.org,Male,4.204.229.248
115,Peyton,Kollatsch,pkollatsch36@indiegogo.com,Male,250.144.19.88
116,Fairleigh,Fryers,ffryers37@artisteer.com,Male,109.176.112.3
117,Christophorus,Philler,cphiller38@unesco.org,Male,32.146.245.27
118,Celia,Rothschild,crothschild39@stumbleupon.com,Female,234.134.228.105
119,Madalyn,Cromarty,mcromarty3a@wp.com,Female,255.147.94.222
120,Christoph,Tolchar,ctolchar3b@latimes.com,Male,109.107.32.129
121,Kimberly,Shilleto,kshilleto3c@tmall.com,Female,131.181.6.123
122,Talbot,Oxtoby,toxtoby3d@patch.com,Male,162.176.143.219
123,Augustina,Bofield,abofield3e@uol.com.br,Female,234.82.209.40
124,Edlin,O'Currane,eocurrane3f@hao123.com,Male,213.23.140.63
125,Thomasina,Glacken,tglacken3g@gizmodo.com,Female,211.217.203.65
126,Garrett,Ucceli,gucceli3h@smugmug.com,Male,77.239.10.251
127,Cortie,Ingold,cingold3i@squarespace.com,Male,119.7.236.49
128,Shani,Radsdale,sradsdale3j@npr.org,Female,114.0.219.105
129,Lucien,Welds,lwelds3k@dagondesign.com,Male,10.27.127.132
130,Roberta,Bennit,rbennit3l@sitemeter.com,Female,253.255.23.201
131,Skippy,Dog,sdog3m@youku.com,Male,138.94.61.90
132,Alexis,Lamputt,alamputt3n@comsenz.com,Male,66.31.207.24
133,Stanton,Willmont,swillmont3o@vinaora.com,Male,214.223.191.127
134,Constantin,Elvin,celvin3p@amazon.de,Male,118.185.62.66
135,Theadora,Arblaster,tarblaster3q@ed.gov,Female,48.255.75.191
136,Humphrey,Knutton,hknutton3r@themeforest.net,Male,188.84.207.187
137,Hermy,Nannini,hnannini3s@123-reg.co.uk,Male,73.18.157.251
138,Fred,Gogarty,fgogarty3t@so-net.ne.jp,Female,227.164.207.220
139,Sim,Bendelow,sbendelow3u@privacy.gov.au,Male,187.26.80.48
140,Reta,MacCall,rmaccall3v@gmpg.org,Female,171.52.92.203
141,Corbet,Brookshaw,cbrookshaw3w@slate.com,Male,169.200.140.167
142,Steffane,Sighart,ssighart3x@yahoo.co.jp,Female,159.217.163.219
143,Lucio,Lillo,llillo3y@virginia.edu,Male,6.227.56.175
144,Corty,Pavic,cpavic3z@google.nl,Male,29.190.211.91
145,Westbrook,Batchelar,wbatchelar40@admin.ch,Male,171.196.99.199
146,Papageno,Mushett,pmushett41@xing.com,Male,39.77.42.52
147,Maggie,McCrainor,mmccrainor42@technorati.com,Female,186.86.151.1
148,Ysabel,Kick,ykick43@myspace.com,Female,162.246.8.120
149,Lela,Hampton,lhampton44@stanford.edu,Female,209.168.236.9
150,Nikolai,Costell,ncostell45@squidoo.com,Male,38.27.32.222
151,Aurlie,Smitton,asmitton46@slate.com,Female,43.153.164.193
152,Carlin,Grigaut,cgrigaut47@ehow.com,Male,65.123.31.10
153,Lind,Walesby,lwalesby48@facebook.com,Female,57.235.131.120
154,Sherm,D'Oyly,sdoyly49@pagesperso-orange.fr,Male,104.116.91.41
155,Earl,Langfat,elangfat4a@123-reg.co.uk,Male,83.70.153.58
156,El,Comino,ecomino4b@europa.eu,Male,34.110.250.78
157,Wheeler,Gurnett,wgurnett4c@economist.com,Male,92.45.191.131
158,Sela,Emslie,semslie4d@miitbeian.gov.cn,Female,199.41.254.43
159,Natalina,Freen,nfreen4e@nydailynews.com,Female,52.125.105.14
160,Jocelin,Mapam,jmapam4f@sina.com.cn,Female,182.145.221.88
161,Cece,Middiff,cmiddiff4g@skyrock.com,Male,218.88.53.69
162,Meade,Brinkler,mbrinkler4h@xrea.com,Female,223.149.198.58
163,Donaugh,Purkis,dpurkis4i@guardian.co.uk,Male,182.82.77.99
164,Wallas,Barbosa,wbarbosa4j@washingtonpost.com,Male,139.9.149.152
165,Ellis,Seary,eseary4k@addtoany.com,Male,162.153.52.93
166,Tremaine,Ibbison,tibbison4l@zdnet.com,Male,177.154.68.53
167,Elsi,Bessett,ebessett4m@nydailynews.com,Female,9.217.36.198
168,Fidel,Hamblington,fhamblington4n@constantcontact.com,Male,114.223.101.45
169,Case,Grebner,cgrebner4o@youtube.com,Male,80.118.44.118
170,Nero,Purry,npurry4p@guardian.co.uk,Male,81.7.8.172
171,Eran,Scorton,escorton4q@livejournal.com,Female,132.71.218.182
172,Cortie,Ziemsen,cziemsen4r@scribd.com,Male,47.42.74.71
173,Andy,Kiss,akiss4s@purevolume.com,Male,22.164.159.235
174,Zorina,Isacsson,zisacsson4t@canalblog.com,Female,109.27.202.163
175,Sullivan,Cabral,scabral4u@economist.com,Male,52.112.39.20
176,Inglebert,Rosevear,irosevear4v@example.com,Male,132.116.152.59
177,Sula,Dishman,sdishman4w@ucoz.com,Female,90.13.204.175
178,Carmen,Tethacot,ctethacot4x@sun.com,Female,137.23.46.211
179,Asia,Gerhartz,agerhartz4y@salon.com,Female,219.38.150.130
180,Cami,Mintoft,cmintoft4z@clickbank.net,Female,162.22.195.254
181,Glenn,Armes,garmes50@go.com,Female,238.186.251.206
182,Haleigh,Stittle,hstittle51@chicagotribune.com,Male,177.168.129.189
183,Boot,Broadway,bbroadway52@istockphoto.com,Male,20.202.74.36
184,Demetrius,Riccio,driccio53@bloglovin.com,Male,248.181.213.13
185,Odo,Dransfield,odransfield54@ft.com,Male,202.193.170.80
186,Bond,Dodsworth,bdodsworth55@storify.com,Male,229.171.122.243
187,Nada,Romeril,nromeril56@cloudflare.com,Female,57.176.70.22
188,Berk,Elverston,belverston57@weebly.com,Male,165.57.13.128
189,Joachim,Blomfield,jblomfield58@wikispaces.com,Male,5.15.242.30
190,Dino,Teeney,dteeney59@oaic.gov.au,Male,253.169.172.55
191,Johnna,McAleese,jmcaleese5a@blogs.com,Female,45.52.168.238
192,Jaquenette,Groundwator,jgroundwator5b@about.me,Female,163.186.211.179
193,Ursuline,Rounds,urounds5c@weebly.com,Female,15.6.35.178
194,Em,O'Crigane,eocrigane5d@usa.gov,Female,239.121.153.226
195,York,Mibourne,ymibourne5e@businesswire.com,Male,180.99.78.87
196,Gardner,Habbert,ghabbert5f@webs.com,Male,176.160.1.106
197,Gonzales,Mingame,gmingame5g@time.com,Male,160.105.223.175
198,Georgianna,Dykas,gdykas5h@yale.edu,Female,113.55.178.241
199,Libbi,Finci,lfinci5i@macromedia.com,Female,148.78.193.181
200,Justus,Bampkin,jbampkin5j@amazon.de,Male,45.245.136.194
201,Norine,Schiesterl,nschiesterl5k@washington.edu,Female,190.21.201.85
202,Jasen,Cardnell,jcardnell5l@xing.com,Male,57.243.72.41
203,Talya,Armit,tarmit5m@constantcontact.com,Female,84.78.161.117
204,Crissie,Kristiansen,ckristiansen5n@guardian.co.uk,Female,206.227.141.239
205,Angeli,Farmloe,afarmloe5o@tripadvisor.com,Male,91.220.187.242
206,Tiffie,Coyne,tcoyne5p@lycos.com,Female,39.170.157.195
207,Farlee,Strelitz,fstrelitz5q@wiley.com,Male,64.46.29.211
208,Johnath,Watkiss,jwatkiss5r@mit.edu,Female,107.153.96.65
209,Frederich,Cranefield,fcranefield5s@examiner.com,Male,47.68.249.149
210,Aimee,Davidavidovics,adavidavidovics5t@yolasite.com,Female,231.222.109.149
211,Margarita,Burchett,mburchett5u@sfgate.com,Female,33.112.163.232
212,Farlay,Gudde,fgudde5v@usgs.gov,Male,228.102.160.32
213,Kevan,Alfonso,kalfonso5w@joomla.org,Male,202.197.4.91
214,Rourke,Strowan,rstrowan5x@goo.gl,Male,40.252.198.238
215,Rita,Baxster,rbaxster5y@wikispaces.com,Female,151.160.122.122
216,Perice,Cordeiro,pcordeiro5z@disqus.com,Male,23.46.185.226
217,Ellwood,Gallard,egallard60@nifty.com,Male,211.209.113.172
218,Jone,Oldam,joldam61@abc.net.au,Male,168.172.187.91
219,Townie,Merriment,tmerriment62@wp.com,Male,112.247.132.200
220,Arvin,Horwell,ahorwell63@oaic.gov.au,Male,110.46.209.150
221,Arney,Oulner,aoulner64@angelfire.com,Male,118.138.132.232
222,Alidia,Redpath,aredpath65@arizona.edu,Female,129.214.78.146
223,Timoteo,Dunk,tdunk66@cnet.com,Male,134.229.13.177
224,Ara,Axelby,aaxelby67@hhs.gov,Male,2.111.123.136
225,Fianna,Silkstone,fsilkstone68@uiuc.edu,Female,195.122.72.168
226,Mellisent,Denniston,mdenniston69@a8.net,Female,241.234.227.124
227,Bellina,Cottisford,bcottisford6a@oakley.com,Female,1.238.200.182
228,Carie,Parffrey,cparffrey6b@people.com.cn,Female,91.87.203.160
229,Mallissa,Bartley,mbartley6c@ihg.com,Female,187.125.186.47
230,Pietra,Hartlebury,phartlebury6d@statcounter.com,Female,212.1.9.118
231,Yelena,Chasles,ychasles6e@zdnet.com,Female,167.191.34.192
232,Cyrus,Wisedale,cwisedale6f@wikia.com,Male,220.156.113.236
233,Katey,Mitchelhill,kmitchelhill6g@goodreads.com,Female,188.125.120.122
234,Maxi,Gellett,mgellett6h@sourceforge.net,Female,205.37.82.240
235,Humphrey,Pride,hpride6i@squidoo.com,Male,73.104.124.70
236,Davide,Kyteley,dkyteley6j@etsy.com,Male,204.14.225.28
237,Fons,Hamsson,fhamsson6k@netlog.com,Male,4.112.122.60
238,Fanchette,Bernardes,fbernardes6l@vimeo.com,Female,148.86.95.45
239,Christean,Grundon,cgrundon6m@springer.com,Female,133.117.6.154
240,Reagen,Neljes,rneljes6n@is.gd,Male,61.227.90.254
241,Nikolaus,Everitt,neveritt6o@so-net.ne.jp,Male,84.189.240.139
242,Jemima,Sueter,jsueter6p@paginegialle.it,Female,215.230.6.236
243,Colene,Kepe,ckepe6q@umn.edu,Female,178.137.151.253
244,Oralee,Gertz,ogertz6r@nifty.com,Female,106.171.17.62
245,Rosene,Dewane,rdewane6s@netscape.com,Female,26.21.217.119
246,Jorgan,Titta,jtitta6t@1und1.de,Male,227.71.73.142
247,Damiano,O'Dyvoy,dodyvoy6u@engadget.com,Male,19.85.144.169
248,Florette,Doncaster,fdoncaster6v@bloomberg.com,Female,135.132.163.128
249,Inglebert,Von Helmholtz,ivonhelmholtz6w@last.fm,Male,187.60.209.110
250,Alaine,Lomansey,alomansey6x@list-manage.com,Female,232.64.30.144
251,Phedra,Bearn,pbearn6y@elegantthemes.com,Female,140.249.28.151
252,Yolanda,Lancley,ylancley6z@google.com.br,Female,135.52.247.101
253,Ada,Baldelli,abaldelli70@narod.ru,Female,102.209.130.11
254,Natalina,Redferne,nredferne71@plala.or.jp,Female,143.62.247.219
255,Morena,Kingswoode,mkingswoode72@zimbio.com,Female,183.23.35.171
256,Kristan,Yarmouth,kyarmouth73@tripadvisor.com,Female,55.88.18.46
257,Reinald,Antczak,rantczak74@earthlink.net,Male,173.57.115.52
258,Christye,Fitzpatrick,cfitzpatrick75@networksolutions.com,Female,52.59.20.168
259,Lukas,Pavlata,lpavlata76@nyu.edu,Male,98.186.185.54
260,Dennet,Colnet,dcolnet77@aboutads.info,Male,99.52.61.230
261,Hailey,Lawtey,hlawtey78@independent.co.uk,Male,176.70.113.17
262,Branden,Guitonneau,bguitonneau79@msn.com,Male,30.80.225.241
263,Sunshine,McFie,smcfie7a@livejournal.com,Female,144.5.131.44
264,Christoper,Wayper,cwayper7b@newsvine.com,Male,221.151.50.111
265,Randall,Dadley,rdadley7c@redcross.org,Male,9.112.158.104
266,Lavinia,Sedgman,lsedgman7d@bluehost.com,Female,56.43.3.51
267,Zacherie,McGeouch,zmcgeouch7e@chronoengine.com,Male,114.223.215.210
268,Kellen,Bauer,kbauer7f@microsoft.com,Female,66.0.45.118
269,Jeremias,Christall,jchristall7g@lycos.com,Male,145.184.200.223
270,Madeleine,Luc,mluc7h@google.com.hk,Female,11.127.120.213
271,Rafael,Naerup,rnaerup7i@google.fr,Male,71.94.217.122
272,Pietro,Dodds,pdodds7j@homestead.com,Male,215.42.142.238
273,Meyer,Winney,mwinney7k@artisteer.com,Male,37.74.169.205
274,Forster,Codi,fcodi7l@goo.gl,Male,163.151.133.165
275,Alexandra,Brinklow,abrinklow7m@mail.ru,Female,10.147.7.46
276,Bennett,Ebbage,bebbage7n@engadget.com,Male,30.245.230.218
277,Garrek,Moylan,gmoylan7o@wikispaces.com,Male,203.38.237.169
278,Iggie,Ferrelli,iferrelli7p@abc.net.au,Male,41.203.162.175
279,Stormie,Cotterel,scotterel7q@theatlantic.com,Female,50.19.86.15
280,Abbott,Redhills,aredhills7r@odnoklassniki.ru,Male,23.138.144.189
281,Natalina,Fyers,nfyers7s@cornell.edu,Female,144.119.50.252
282,Kendricks,Denkel,kdenkel7t@behance.net,Male,185.34.152.164
283,Farrell,Giacometti,fgiacometti7u@angelfire.com,Male,38.136.147.188
284,Sophie,Mabbe,smabbe7v@devhub.com,Female,165.45.158.212
285,Lianne,Bolesma,lbolesma7w@about.me,Female,122.118.39.238
286,Lewes,Hamlen,lhamlen7x@opera.com,Male,253.173.94.66
287,Carrie,Bettis,cbettis7y@china.com.cn,Female,239.185.135.49
288,Currie,Winspurr,cwinspurr7z@hexun.com,Male,17.245.86.70
289,Lazare,Synnot,lsynnot80@uol.com.br,Male,152.190.253.103
290,Giusto,Picker,gpicker81@myspace.com,Male,46.170.84.102
291,Dorothee,Bromby,dbromby82@ucsd.edu,Female,224.63.149.191
292,Zorana,Reddlesden,zreddlesden83@xing.com,Female,158.25.57.211
293,Harcourt,Hurlestone,hhurlestone84@cisco.com,Male,107.63.54.90
294,Godfree,Edland,gedland85@github.io,Male,52.5.147.5
295,Jelene,Rizon,jrizon86@booking.com,Female,54.225.142.223
296,Todd,Shoutt,tshoutt87@psu.edu,Male,163.188.164.70
297,Cassandra,O'Shirine,coshirine88@mysql.com,Female,242.24.12.29
298,Derward,Snedker,dsnedker89@rambler.ru,Male,155.25.194.56
299,Zechariah,Alfwy,zalfwy8a@tmall.com,Male,216.227.220.72
300,Rivy,Lethabridge,rlethabridge8b@seesaa.net,Female,215.179.199.122
301,Georas,Van Schafflaer,gvanschafflaer8c@theglobeandmail.com,Male,30.238.57.110
302,Jillene,Matelyunas,jmatelyunas8d@cnet.com,Female,54.14.125.46
303,Von,Napolione,vnapolione8e@jalbum.net,Male,233.0.172.106
304,Scarface,Stanlick,sstanlick8f@tumblr.com,Male,37.194.77.174
305,Kelila,Adrienne,kadrienne8g@sohu.com,Female,208.190.106.10
306,Kissie,Giddens,kgiddens8h@exblog.jp,Female,0.157.37.137
307,Lacee,Renahan,lrenahan8i@intel.com,Female,148.22.162.206
308,Ebeneser,Tembridge,etembridge8j@wsj.com,Male,235.210.105.55
309,Nikaniki,Itchingham,nitchingham8k@so-net.ne.jp,Female,21.230.56.252
310,Byrann,Carnegy,bcarnegy8l@printfriendly.com,Male,199.250.48.207
311,Guido,Deinert,gdeinert8m@gmpg.org,Male,220.56.173.128
312,Shela,Mullenger,smullenger8n@miibeian.gov.cn,Female,214.112.237.239
313,Lanita,Fippe,lfippe8o@ask.com,Female,227.10.252.101
314,Dorice,Nathon,dnathon8p@istockphoto.com,Female,83.94.118.151
315,Felicio,Cuffe,fcuffe8q@comsenz.com,Male,124.196.83.154
316,Noah,Longstreeth,nlongstreeth8r@fda.gov,Male,116.183.186.45
317,Perle,Kleisle,pkleisle8s@prnewswire.com,Female,155.42.142.13
318,Christian,Mark,cmark8t@loc.gov,Female,107.13.114.218
319,Fredra,Haller,fhaller8u@youtube.com,Female,189.88.47.54
320,Nicoli,Hellis,nhellis8v@who.int,Female,113.138.224.154
321,Clyve,Huge,chuge8w@adobe.com,Male,16.35.221.165
322,Free,Rings,frings8x@mozilla.com,Male,250.126.32.232
323,Hollis,Dykins,hdykins8y@reverbnation.com,Male,8.30.39.115
324,Burg,De Filippi,bdefilippi8z@vimeo.com,Male,101.227.225.58
325,Kerstin,Stanlike,kstanlike90@ehow.com,Female,5.61.174.65
326,Clarie,Marginson,cmarginson91@nydailynews.com,Female,154.94.66.153
327,Benedikt,L' Estrange,blestrange92@jugem.jp,Male,159.41.34.36
328,Hakim,Leif,hleif93@vinaora.com,Male,70.35.208.227
329,Andreana,Kelle,akelle94@hao123.com,Female,63.251.5.223
330,Thacher,O'Hoey,tohoey95@shinystat.com,Male,176.119.142.104
331,Harwell,Rennix,hrennix96@ed.gov,Male,215.224.242.134
332,Hope,Kinton,hkinton97@cam.ac.uk,Female,233.245.32.4
333,Meggie,Sheron,msheron98@domainmarket.com,Female,185.20.106.119
334,Essa,Tallboy,etallboy99@deviantart.com,Female,192.49.89.138
335,Hayden,Bilbrey,hbilbrey9a@sciencedirect.com,Male,59.254.195.172
336,Abey,Goodhay,agoodhay9b@wisc.edu,Male,195.189.163.220
337,Zaccaria,Hardware,zhardware9c@springer.com,Male,198.76.222.135
338,Cyril,Kemer,ckemer9d@theglobeandmail.com,Male,133.243.144.3
339,Gelya,Thresh,gthresh9e@indiegogo.com,Female,21.65.2.43
340,Alic,Hek,ahek9f@xrea.com,Male,243.168.61.255
341,Judah,Aslum,jaslum9g@berkeley.edu,Male,22.18.28.156
342,Aloin,Mattielli,amattielli9h@europa.eu,Male,136.9.154.170
343,Coralie,Tourot,ctourot9i@patch.com,Female,50.65.105.225
344,Cherrita,Kuschel,ckuschel9j@yale.edu,Female,209.75.69.141
345,Noam,Cottee,ncottee9k@privacy.gov.au,Male,79.237.240.26
346,Bendix,Bladen,bbladen9l@de.vu,Male,122.6.133.38
347,Rudie,Cammis,rcammis9m@princeton.edu,Male,183.185.42.149
348,Aguste,Demoge,ademoge9n@prweb.com,Male,229.127.171.37
349,Ethelred,Eglese,eeglese9o@wunderground.com,Male,134.7.37.2
350,Felicity,Yakubov,fyakubov9p@washington.edu,Female,149.222.60.157
351,Phil,Willoughway,pwilloughway9q@wix.com,Male,185.57.2.19
352,Melli,Croke,mcroke9r@mtv.com,Female,126.60.113.233
353,Arron,Mabee,amabee9s@odnoklassniki.ru,Male,122.33.13.222
354,Ophelia,Toal,otoal9t@ycombinator.com,Female,184.9.120.151
355,Abram,Hassur,ahassur9u@globo.com,Male,80.158.100.160
356,Chandra,Bartlomiejczyk,cbartlomiejczyk9v@hao123.com,Female,146.228.2.242
357,Mala,Masters,mmasters9w@sakura.ne.jp,Female,209.109.222.210
358,Skipton,Boddie,sboddie9x@yahoo.co.jp,Male,228.23.110.234
359,Chauncey,St Quenin,cstquenin9y@sbwire.com,Male,137.229.74.209
360,Carma,Magarrell,cmagarrell9z@pcworld.com,Female,112.29.179.158
361,Chaddy,Vivash,cvivasha0@bluehost.com,Male,1.239.31.192
362,Onfre,Orrell,oorrella1@sphinn.com,Male,173.82.6.86
363,Rebekah,Veness,rvenessa2@ibm.com,Female,221.158.149.55
364,Werner,Glew,wglewa3@marketwatch.com,Male,64.14.243.171
365,Rosmunda,Stovine,rstovinea4@taobao.com,Female,109.150.7.209
366,Sam,McCole,smccolea5@europa.eu,Male,200.44.148.205
367,Stormi,Gormley,sgormleya6@etsy.com,Female,146.95.247.53
368,Joellyn,Keay,jkeaya7@wikimedia.org,Female,188.175.83.30
369,Christabel,Whitehouse,cwhitehousea8@purevolume.com,Female,161.137.134.225
370,Raychel,Rollinshaw,rrollinshawa9@blogtalkradio.com,Female,105.175.94.193
371,Aila,Swateridge,aswateridgeaa@miitbeian.gov.cn,Female,187.43.56.57
372,Hakim,Girk,hgirkab@taobao.com,Male,221.46.127.80
373,Ulberto,Bartholomaus,ubartholomausac@shareasale.com,Male,163.111.137.225
374,Annora,Lohde,alohdead@bandcamp.com,Female,38.42.73.80
375,Westbrooke,Hearmon,whearmonae@upenn.edu,Male,133.206.110.104
376,Galvan,Poizer,gpoizeraf@elegantthemes.com,Male,94.196.31.223
377,Ursuline,Andino,uandinoag@twitter.com,Female,78.53.2.43
378,Patrice,Hellicar,phellicarah@nih.gov,Male,126.110.61.35
379,Raimundo,Hamlyn,rhamlynai@google.cn,Male,237.129.144.125
380,Lucho,Tabard,ltabardaj@gmpg.org,Male,73.87.222.191
381,Garnette,McCosh,gmccoshak@nyu.edu,Female,174.36.116.209
382,Rea,Boaler,rboaleral@purevolume.com,Female,8.232.214.41
383,Stephana,Lindenberg,slindenbergam@etsy.com,Female,181.80.167.14
384,Yuri,Sam,ysaman@umn.edu,Male,144.48.209.105
385,Nikola,Todeo,ntodeoao@e-recht24.de,Male,213.84.10.132
386,Florida,Bigglestone,fbigglestoneap@123-reg.co.uk,Female,167.232.253.246
387,Garold,La Padula,glapadulaaq@youku.com,Male,38.196.86.111
388,Parker,Brocklesby,pbrocklesbyar@unicef.org,Male,227.40.232.12
389,Noellyn,Ox,noxas@list-manage.com,Female,252.228.133.28
390,Brandy,Firle,bfirleat@google.cn,Female,27.220.48.115
391,Nissy,Coyte,ncoyteau@mapy.cz,Female,63.91.197.23
392,Christyna,Alstead,calsteadav@dell.com,Female,192.10.213.237
393,Hilary,Dedney,hdedneyaw@nasa.gov,Female,141.222.158.178
394,Fairfax,Geibel,fgeibelax@flickr.com,Male,77.56.246.247
395,Jerad,La Torre,jlatorreay@blinklist.com,Male,252.196.43.250
396,Lorene,Bille,lbilleaz@blog.com,Female,239.100.214.211
397,Inez,Vogel,ivogelb0@issuu.com,Female,86.146.18.108
398,Cord,Milksop,cmilksopb1@webs.com,Male,224.78.76.211
399,Dusty,Buggs,dbuggsb2@sakura.ne.jp,Female,121.63.127.3
400,Theresina,Keneleyside,tkeneleysideb3@fema.gov,Female,137.170.98.210
401,Guthrey,Alf,galfb4@adobe.com,Male,242.50.29.60
402,Lyn,Whitnell,lwhitnellb5@google.de,Male,232.215.31.40
403,Monika,Kelson,mkelsonb6@walmart.com,Female,104.139.70.232
404,Boyd,Galilee,bgalileeb7@mashable.com,Male,31.145.7.40
405,Moritz,Collens,mcollensb8@ucla.edu,Male,132.105.80.110
406,Gerrie,Daws,gdawsb9@oracle.com,Male,184.30.174.184
407,Tad,Issacof,tissacofba@booking.com,Male,104.20.82.250
408,Kimberlyn,Maberley,kmaberleybb@lycos.com,Female,182.131.211.245
409,Mellie,McIlwrath,mmcilwrathbc@mit.edu,Female,180.127.252.176
410,Erin,Draye,edrayebd@engadget.com,Male,12.88.155.147
411,Hammad,Mor,hmorbe@bloomberg.com,Male,146.53.228.11
412,Ashlie,Bastin,abastinbf@theatlantic.com,Female,243.229.233.17
413,Cammy,Hubatsch,chubatschbg@msn.com,Female,173.187.241.19
414,Daryle,Windrass,dwindrassbh@google.ca,Male,153.25.161.27
415,Cammi,Smallthwaite,csmallthwaitebi@buzzfeed.com,Female,43.156.66.64
416,Barbette,Wint,bwintbj@example.com,Female,112.143.80.36
417,Cord,Restorick,crestorickbk@wikimedia.org,Male,223.42.101.56
418,Trixi,Ribey,tribeybl@blogtalkradio.com,Female,31.221.83.97
419,Gavin,Espinal,gespinalbm@blogspot.com,Male,181.68.150.73
420,Bearnard,Seleway,bselewaybn@stanford.edu,Male,166.237.45.144
421,Stella,Bishell,sbishellbo@ibm.com,Female,169.171.253.140
422,Hamlen,Addis,haddisbp@smugmug.com,Male,235.20.120.177
423,Roarke,Napoleon,rnapoleonbq@auda.org.au,Male,131.118.248.203
424,Ileane,Pottberry,ipottberrybr@weebly.com,Female,114.27.19.1
425,Ephraim,Farlane,efarlanebs@chron.com,Male,25.217.47.114
426,Minerva,Borges,mborgesbt@furl.net,Female,220.239.30.188
427,Monti,Layman,mlaymanbu@gravatar.com,Male,149.106.160.48
428,Jefferey,Bengle,jbenglebv@vkontakte.ru,Male,82.232.55.39
429,Almeda,Stuckley,astuckleybw@geocities.jp,Female,107.253.31.169
430,Cris,Smurthwaite,csmurthwaitebx@tiny.cc,Female,23.84.149.0
431,Annamarie,Undrill,aundrillby@ihg.com,Female,162.237.13.207
432,Urban,Bonhan,ubonhanbz@reverbnation.com,Male,96.174.25.188
433,Adams,Tidd,atiddc0@globo.com,Male,4.16.16.89
434,Carlyn,Eunson,ceunsonc1@who.int,Female,94.173.11.187
435,Lynette,Harty,lhartyc2@cnet.com,Female,156.121.79.97
436,Gracia,Tonsley,gtonsleyc3@sakura.ne.jp,Female,135.90.191.112
437,Fidole,Jirus,fjirusc4@dion.ne.jp,Male,231.186.40.178
438,Ibbie,Robken,irobkenc5@newyorker.com,Female,238.44.49.95
439,Gunter,Canwell,gcanwellc6@ehow.com,Male,70.166.66.39
440,Hanni,Hendricks,hhendricksc7@woothemes.com,Female,86.69.91.114
441,Skyler,Kighly,skighlyc8@tiny.cc,Male,207.40.231.161
442,Merrel,Colicot,mcolicotc9@php.net,Male,195.20.42.83
443,Gerry,Lakenton,glakentonca@weebly.com,Female,236.72.245.25
444,Darcey,Pietrzyk,dpietrzykcb@cnet.com,Female,181.26.153.199
445,Myrna,Tommei,mtommeicc@state.gov,Female,79.208.64.221
446,Rois,Speere,rspeerecd@aol.com,Female,91.150.87.150
447,Delmor,Bastie,dbastiece@nasa.gov,Male,128.31.97.216
448,Ardyth,Gregoletti,agregoletticf@illinois.edu,Female,115.149.104.154
449,Des,Jon,djoncg@shareasale.com,Male,14.129.55.44
450,Maude,Shead,msheadch@nature.com,Female,207.106.126.212
451,Ringo,Rebeiro,rrebeiroci@list-manage.com,Male,135.243.77.171
452,Der,Scandrick,dscandrickcj@narod.ru,Male,171.113.253.205
453,Petronia,Farley,pfarleyck@vkontakte.ru,Female,141.179.217.24
454,Brandea,Micco,bmiccocl@cisco.com,Female,66.237.96.241
455,Stillman,Gartery,sgarterycm@sogou.com,Male,154.80.169.252
456,Reina,Farris,rfarriscn@princeton.edu,Female,133.235.125.151
457,Carlyle,Wheatley,cwheatleyco@google.ca,Male,176.128.80.214
458,Carolyn,Austwick,caustwickcp@infoseek.co.jp,Female,170.113.76.229
459,Tamiko,Wort,twortcq@npr.org,Female,125.14.183.192
460,Ariana,Millington,amillingtoncr@t-online.de,Female,52.35.129.135
461,Isabella,Lindner,ilindnercs@live.com,Female,239.121.135.230
462,Bethanne,Laban,blabanct@is.gd,Female,142.37.200.139
463,Francklyn,Kix,fkixcu@cnbc.com,Male,78.42.198.46
464,Queenie,Le Ball,qleballcv@163.com,Female,17.126.157.158
465,Dareen,McCarly,dmccarlycw@oakley.com,Female,107.49.54.174
466,Ofilia,Ranshaw,oranshawcx@cbsnews.com,Female,192.25.191.204
467,Rosalynd,McFie,rmcfiecy@com.com,Female,80.223.131.21
468,Deanna,Howie,dhowiecz@theatlantic.com,Female,72.206.254.105
469,Noby,Pugh,npughd0@wunderground.com,Male,110.172.48.2
470,Daveen,Austick,daustickd1@cnet.com,Female,211.136.22.134
471,Seline,Luffman,sluffmand2@feedburner.com,Female,168.190.41.62
472,Ray,Tomes,rtomesd3@google.com.br,Female,22.84.85.151
473,Taddeusz,Farnsworth,tfarnsworthd4@reference.com,Male,121.83.202.105
474,Portia,Forsbey,pforsbeyd5@ovh.net,Female,149.100.28.192
475,Elianora,Goodsir,egoodsird6@printfriendly.com,Female,71.8.38.128
476,Caro,Cale,ccaled7@baidu.com,Female,233.55.3.19
477,Thorvald,Janzen,tjanzend8@nifty.com,Male,228.80.249.106
478,Valry,Dussy,vdussyd9@who.int,Female,124.222.11.73
479,Malia,Peery,mpeeryda@jigsy.com,Female,8.5.88.212
480,Dori,Harbinson,dharbinsondb@sphinn.com,Female,118.67.212.22
481,Andras,Kitchiner,akitchinerdc@intel.com,Male,139.167.60.113
482,Roley,Schelle,rschelledd@cbslocal.com,Male,213.205.116.76
483,Lesli,Paoletti,lpaolettide@opera.com,Female,47.33.174.78
484,Loretta,Summerside,lsummersidedf@yahoo.co.jp,Female,117.108.84.41
485,Jaquenetta,Corkel,jcorkeldg@archive.org,Female,215.211.101.85
486,Maurizia,Ruddiman,mruddimandh@pbs.org,Female,174.28.111.85
487,Cloe,Garrold,cgarrolddi@opera.com,Female,229.55.164.196
488,Floyd,Ching,fchingdj@icq.com,Male,27.226.189.195
489,Kore,Hutchens,khutchensdk@blogger.com,Female,66.30.89.164
490,Dorella,Gerriessen,dgerriessendl@goo.ne.jp,Female,72.55.25.195
491,Akim,Swinfon,aswinfondm@prweb.com,Male,98.176.183.141
492,Wallie,Belliss,wbellissdn@tumblr.com,Female,135.147.121.143
493,Raynard,Rolph,rrolphdo@archive.org,Male,7.203.192.192
494,Stephanus,Philps,sphilpsdp@google.co.jp,Male,30.81.50.88
495,Porty,Penk,ppenkdq@berkeley.edu,Male,96.226.39.28
496,Maisie,Enrietto,menriettodr@earthlink.net,Female,222.73.202.89
497,Weidar,Ben,wbends@ask.com,Male,236.202.134.178
498,Jerri,Chalcraft,jchalcraftdt@deliciousdays.com,Male,25.188.215.3
499,Iorgo,Batte,ibattedu@slashdot.org,Male,161.82.217.116
500,Anissa,Pounsett,apounsettdv@java.com,Female,3.39.186.6
501,Seamus,Harbage,sharbagedw@live.com,Male,92.58.112.255
502,Claudio,Balshen,cbalshendx@google.com.br,Male,14.35.15.197
503,Helga,Towl,htowldy@nationalgeographic.com,Female,174.253.0.81
504,Shermy,Tirone,stironedz@gizmodo.com,Male,130.144.207.197
505,Reynold,McSperron,rmcsperrone0@deviantart.com,Male,94.1.126.199
506,Ferrel,Nertney,fnertneye1@nih.gov,Male,9.96.105.149
507,Lian,Read,lreade2@ezinearticles.com,Female,132.227.247.203
508,Mead,Maseres,mmaserese3@ifeng.com,Male,193.89.178.243
509,Natalie,Rankling,nranklinge4@google.nl,Female,98.157.44.126
510,Arri,Tibb,atibbe5@nymag.com,Male,117.214.22.145
511,Felicity,Moverley,fmoverleye6@nyu.edu,Female,198.43.156.203
512,Tristam,Margiotta,tmargiottae7@unicef.org,Male,205.4.92.202
513,Bamby,Mintoft,bmintofte8@msn.com,Female,28.223.101.70
514,Orlan,Jager,ojagere9@w3.org,Male,14.178.45.104
515,Hilario,Wheal,hwhealea@unblog.fr,Male,68.81.80.72
516,Edouard,Hatliff,ehatliffeb@blinklist.com,Male,173.128.188.142
517,Franky,Rudinger,frudingerec@123-reg.co.uk,Female,83.106.58.252
518,Dilan,Dugood,ddugooded@sfgate.com,Male,142.29.142.218
519,Claude,Matushevitz,cmatushevitzee@last.fm,Female,171.150.76.226
520,Kaylil,Kienzle,kkienzleef@issuu.com,Female,35.200.95.49
521,Liva,Althorpe,lalthorpeeg@nydailynews.com,Female,22.209.53.254
522,Eliot,Vass,evasseh@pen.io,Male,19.63.30.6
523,Eddi,Stuart,estuartei@europa.eu,Female,216.51.123.222
524,Sinclare,Chastanet,schastanetej@topsy.com,Male,168.225.140.231
525,Judas,Dicky,jdickyek@thetimes.co.uk,Male,178.209.40.117
526,Denny,Scurrah,dscurrahel@i2i.jp,Male,184.30.81.207
527,Georgianne,MacCrann,gmaccrannem@telegraph.co.uk,Female,41.37.195.11
528,Rossie,Maria,rmariaen@moonfruit.com,Male,65.147.19.139
529,Konstance,Slocombe,kslocombeeo@admin.ch,Female,134.190.119.129
530,Brady,Kindell,bkindellep@bbc.co.uk,Male,148.18.66.57
531,Lucias,Durran,ldurraneq@bluehost.com,Male,203.90.218.209
532,Chickie,Ogus,coguser@opensource.org,Male,10.129.1.241
533,Barclay,Timmes,btimmeses@timesonline.co.uk,Male,23.72.248.84
534,Gabbie,Ffoulkes,gffoulkeset@amazon.de,Male,115.110.208.220
535,Antonino,Duncanson,aduncansoneu@answers.com,Male,209.30.1.230
536,Dulce,Simkovich,dsimkovichev@edublogs.org,Female,177.59.213.28
537,Nicoline,Gritsunov,ngritsunovew@simplemachines.org,Female,86.91.195.160
538,Rene,Tutin,rtutinex@webmd.com,Female,177.142.229.153
539,Tonia,Challice,tchalliceey@amazon.co.jp,Female,83.56.107.59
540,Rriocard,Copello,rcopelloez@hostgator.com,Male,13.251.158.182
541,Hal,Piscotti,hpiscottif0@sbwire.com,Male,12.35.147.237
542,Eadie,Durning,edurningf1@nbcnews.com,Female,52.152.27.85
543,Mattie,Toone,mtoonef2@slate.com,Male,101.99.182.236
544,Milzie,Etteridge,metteridgef3@pinterest.com,Female,8.108.251.38
545,Teodoor,Clamp,tclampf4@google.de,Male,195.150.197.201
546,Bevan,Haughin,bhaughinf5@multiply.com,Male,40.11.131.174
547,Rene,Matiebe,rmatiebef6@dedecms.com,Male,132.75.10.171
548,Candra,Krimmer,ckrimmerf7@arizona.edu,Female,78.5.4.145
549,Wyatan,Aaronsohn,waaronsohnf8@rambler.ru,Male,71.203.15.42
550,Luciano,Gillio,lgilliof9@meetup.com,Male,143.221.165.72
551,Glen,Davley,gdavleyfa@chicagotribune.com,Male,70.192.21.210
552,Corabella,Chapier,cchapierfb@tripadvisor.com,Female,62.27.41.20
553,Shari,Pignon,spignonfc@stumbleupon.com,Female,107.77.101.78
554,Olenka,Tichelaar,otichelaarfd@biglobe.ne.jp,Female,101.103.61.234
555,Klaus,Cattlow,kcattlowfe@google.nl,Male,255.86.20.47
556,Alexandra,Jiru,ajiruff@umich.edu,Female,106.186.201.223
557,Thorstein,Bradnock,tbradnockfg@nytimes.com,Male,80.91.86.251
558,Valaree,Peasegood,vpeasegoodfh@twitpic.com,Female,165.56.150.100
559,Winslow,McDuall,wmcduallfi@jalbum.net,Male,24.231.62.235
560,Lorettalorna,Matuschek,lmatuschekfj@wikispaces.com,Female,254.156.238.199
561,Vaughan,De Nisco,vdeniscofk@twitpic.com,Male,214.100.173.230
562,Vivia,Ernke,vernkefl@techcrunch.com,Female,2.104.216.105
563,Vicky,Rasell,vrasellfm@csmonitor.com,Female,230.214.153.144
564,Mitchell,Fend,mfendfn@hc360.com,Male,225.147.49.168
565,Sanders,Grundey,sgrundeyfo@blogtalkradio.com,Male,234.103.68.76
566,Didi,Trees,dtreesfp@samsung.com,Female,170.126.26.43
567,Ayn,Durward,adurwardfq@t.co,Female,26.47.208.125
568,Giorgi,Ochterlony,gochterlonyfr@bloglines.com,Male,221.213.131.172
569,Brnaba,Alten,baltenfs@1688.com,Male,217.121.189.149
570,Corny,Leon,cleonft@feedburner.com,Male,71.67.136.59
571,Jeanine,Bronot,jbronotfu@google.com.au,Female,80.40.193.16
572,Meris,Boller,mbollerfv@reverbnation.com,Female,122.252.246.167
573,Aggy,Doles,adolesfw@ow.ly,Female,134.34.81.108
574,Gena,Bubear,gbubearfx@earthlink.net,Female,226.19.240.46
575,Lorettalorna,Dikelin,ldikelinfy@xrea.com,Female,222.228.32.13
576,Anastassia,Spykins,aspykinsfz@liveinternet.ru,Female,91.120.18.95
577,Ed,Pester,epesterg0@studiopress.com,Male,117.104.155.57
578,Cassie,Simco,csimcog1@wired.com,Male,46.2.228.197
579,Lennie,Feedham,lfeedhamg2@4shared.com,Male,102.222.70.105
580,Jo-ann,Lippatt,jlippattg3@gov.uk,Female,92.156.147.1
581,Cecile,Haxby,chaxbyg4@google.es,Female,42.100.19.164
582,Rozele,Loalday,rloaldayg5@dailymail.co.uk,Female,179.110.99.77
583,Woodrow,Marwick,wmarwickg6@census.gov,Male,71.250.225.232
584,Grace,Aslett,gaslettg7@people.com.cn,Male,5.106.224.26
585,Chrystal,Bilney,cbilneyg8@goo.ne.jp,Female,250.228.164.134
586,Jorey,Hayden,jhaydeng9@blogger.com,Female,17.34.131.218
587,Juliette,Forestall,jforestallga@oakley.com,Female,93.203.210.183
588,Annie,Gaskins,agaskinsgb@cdc.gov,Female,218.138.81.78
589,Jenny,Hamlett,jhamlettgc@wikipedia.org,Female,176.185.244.13
590,Weber,Cossey,wcosseygd@goo.ne.jp,Male,13.184.102.200
591,Dorita,O'Ruane,doruanege@discuz.net,Female,159.101.138.3
592,Giovanni,Maytom,gmaytomgf@amazon.co.uk,Male,34.56.22.14
593,Felic,Braunton,fbrauntongg@geocities.jp,Male,96.174.191.25
594,Ranee,Rosenkrantz,rrosenkrantzgh@etsy.com,Female,244.206.202.135
595,Kinna,Bruckstein,kbrucksteingi@cnn.com,Female,230.59.254.104
596,Judie,Alaway,jalawaygj@discuz.net,Female,170.167.50.240
597,Dukie,Westmorland,dwestmorlandgk@ted.com,Male,236.81.55.77
598,Kizzie,Prince,kprincegl@cisco.com,Female,251.48.121.112
599,Gwyneth,Rekes,grekesgm@tripod.com,Female,91.241.173.243
600,Thorndike,Gilpin,tgilpingn@uiuc.edu,Male,143.208.28.240
601,Sigfried,MacCaghan,smaccaghango@loc.gov,Male,35.54.157.47
602,Fons,Leacy,fleacygp@domainmarket.com,Male,78.24.140.234
603,Bobbie,Giorgeschi,bgiorgeschigq@google.pl,Male,222.72.211.193
604,Patrica,Cheesman,pcheesmangr@delicious.com,Female,195.103.175.33
605,Gloriane,Simanenko,gsimanenkogs@gravatar.com,Female,212.168.79.186
606,Adaline,Alenin,aaleningt@foxnews.com,Female,35.140.110.197
607,Crista,Copes,ccopesgu@instagram.com,Female,69.81.105.135
608,Sandy,Billows,sbillowsgv@tamu.edu,Female,195.119.1.193
609,Sherwood,Ducker,sduckergw@washingtonpost.com,Male,36.80.175.33
610,Millicent,Sparrowhawk,msparrowhawkgx@51.la,Female,194.168.61.50
611,Timofei,Slessor,tslessorgy@cocolog-nifty.com,Male,99.52.146.237
612,Lyndy,Snalham,lsnalhamgz@infoseek.co.jp,Female,120.73.15.194
613,Judi,Stringman,jstringmanh0@ucoz.ru,Female,58.254.2.248
614,Thane,Eldered,telderedh1@weibo.com,Male,140.164.220.103
615,Tammie,Broadstock,tbroadstockh2@blog.com,Female,158.131.164.230
616,Wakefield,Pucker,wpuckerh3@techcrunch.com,Male,176.236.88.183
617,Fernandina,Philippsohn,fphilippsohnh4@linkedin.com,Female,153.153.184.20
618,Rogers,Franses,rfransesh5@ibm.com,Male,13.104.172.216
619,Gunther,Vint,gvinth6@smugmug.com,Male,167.0.211.69
620,Candace,MacAloren,cmacalorenh7@si.edu,Female,197.56.166.13
621,Marlee,Edgeon,medgeonh8@bloglines.com,Female,130.173.118.117
622,Jerrie,Bend,jbendh9@t.co,Male,51.193.229.134
623,Sheree,Hannaby,shannabyha@prweb.com,Female,218.202.176.252
624,Kerrie,Lowthorpe,klowthorpehb@reverbnation.com,Female,180.162.125.229
625,Joby,McPhater,jmcphaterhc@forbes.com,Female,199.208.186.98
626,Reg,Filippov,rfilippovhd@google.it,Male,24.211.134.77
627,Glenna,Giovanardi,ggiovanardihe@discovery.com,Female,164.106.194.19
628,Hugibert,Basson,hbassonhf@arizona.edu,Male,217.183.22.218
629,Roderick,Reddell,rreddellhg@unblog.fr,Male,70.123.36.17
630,Werner,Haliburn,whaliburnhh@youku.com,Male,13.133.155.151
631,Juliann,Guerry,jguerryhi@cyberchimps.com,Female,246.58.184.114
632,Jinny,Harvison,jharvisonhj@mediafire.com,Female,155.115.141.249
633,Dominga,Meco,dmecohk@blogspot.com,Female,111.133.66.208
634,Buddy,Pithie,bpithiehl@addtoany.com,Male,68.27.13.8
635,Danny,Balsom,dbalsomhm@senate.gov,Male,45.91.3.250
636,Ravid,Terzza,rterzzahn@prweb.com,Male,189.115.51.186
637,Alexa,Lewsie,alewsieho@wikispaces.com,Female,81.44.105.139
638,Pierre,Dossantos,pdossantoshp@latimes.com,Male,47.99.85.158
639,Ellene,Denisard,edenisardhq@woothemes.com,Female,217.49.7.190
640,Teodoor,Balloch,tballochhr@google.de,Male,140.121.101.153
641,Dimitry,Winridge,dwinridgehs@springer.com,Male,113.252.238.236
642,Garv,Caukill,gcaukillht@virginia.edu,Male,93.178.215.210
643,Leonelle,Abys,labyshu@amazon.de,Female,10.172.185.192
644,Parrnell,Housaman,phousamanhv@tinypic.com,Male,129.154.237.146
645,Aida,Thurnham,athurnhamhw@linkedin.com,Female,106.105.127.175
646,Nobie,Tourry,ntourryhx@craigslist.org,Male,106.105.175.167
647,Lorrie,Farnie,lfarniehy@indiegogo.com,Female,111.50.63.220
648,Paolina,Shillinglaw,pshillinglawhz@upenn.edu,Female,101.89.4.246
649,Benedetta,Bouzek,bbouzeki0@prweb.com,Female,155.65.191.208
650,Dominica,Dennert,ddennerti1@xing.com,Female,126.13.16.98
651,Esme,Crolly,ecrollyi2@bbb.org,Female,246.168.196.73
652,Collete,Crean,ccreani3@yellowbook.com,Female,22.230.59.181
653,Clementia,Tarpey,ctarpeyi4@state.gov,Female,249.107.76.90
654,Charlena,Blamphin,cblamphini5@gravatar.com,Female,98.134.186.189
655,Catrina,Gleeton,cgleetoni6@accuweather.com,Female,156.185.253.221
656,Joey,Eliaz,jeliazi7@unblog.fr,Male,155.107.16.169
657,Emanuele,Carle,ecarlei8@un.org,Male,106.84.232.22
658,Rubia,Tonsley,rtonsleyi9@deliciousdays.com,Female,236.110.243.186
659,Penelope,Parkman,pparkmania@uiuc.edu,Female,119.144.125.236
660,Ardis,Gascone,agasconeib@ted.com,Female,25.212.18.204
661,Ximenez,Briscoe,xbriscoeic@forbes.com,Male,132.208.100.194
662,Adara,Antoszewski,aantoszewskiid@usatoday.com,Female,147.242.233.224
663,Caterina,Prover,cproverie@tripadvisor.com,Female,248.154.154.249
664,Culley,Scatchard,cscatchardif@cnet.com,Male,97.37.123.184
665,Monique,Grimmer,mgrimmerig@cpanel.net,Female,250.222.11.197
666,Leone,Jeppe,ljeppeih@furl.net,Female,158.68.34.99
667,Stanton,Pavek,spavekii@ning.com,Male,235.208.176.142
668,Kitti,Kreutzer,kkreutzerij@npr.org,Female,8.130.174.213
669,Gay,Cornhill,gcornhillik@stumbleupon.com,Female,7.240.234.99
670,Chas,Tockell,ctockellil@hc360.com,Male,90.163.242.29
671,Sergei,Shipp,sshippim@yolasite.com,Male,182.73.123.75
672,Celina,Karppi,ckarppiin@businesswire.com,Female,27.101.52.186
673,Emmott,Caswill,ecaswillio@typepad.com,Male,44.124.32.80
674,Curran,Buttery,cbutteryip@psu.edu,Male,233.95.183.159
675,Delano,Eaglesham,deagleshamiq@jimdo.com,Male,36.160.180.58
676,Bell,Fido,bfidoir@usa.gov,Female,33.65.77.36
677,Armand,Rapkins,arapkinsis@domainmarket.com,Male,215.242.22.65
678,Jemmy,Rougier,jrougierit@theglobeandmail.com,Female,136.107.219.73
679,Guinevere,Goodsal,ggoodsaliu@tiny.cc,Female,212.58.243.18
680,Ibbie,Hartigan,ihartiganiv@mail.ru,Female,60.241.161.117
681,Emlyn,Denholm,edenholmiw@state.gov,Male,235.194.60.78
682,Max,Escale,mescaleix@eventbrite.com,Male,194.235.237.11
683,Gabriell,Kellitt,gkellittiy@opensource.org,Female,177.15.62.21
684,Aliza,Davidovic,adavidoviciz@aol.com,Female,89.216.42.89
685,Jenny,Assante,jassantej0@yolasite.com,Female,12.195.176.239
686,Phoebe,Maynard,pmaynardj1@wisc.edu,Female,184.69.204.171
687,Nicol,Mewhirter,nmewhirterj2@mysql.com,Male,26.64.163.37
688,Albert,Handaside,ahandasidej3@ca.gov,Male,108.13.238.109
689,Trevar,Marcombe,tmarcombej4@yahoo.co.jp,Male,178.66.111.91
690,Erma,Caukill,ecaukillj5@globo.com,Female,42.65.12.95
691,Nettle,Cotelard,ncotelardj6@senate.gov,Female,156.58.253.111
692,Karlis,Koenen,kkoenenj7@utexas.edu,Male,180.249.191.72
693,Sheena,Ziemens,sziemensj8@jugem.jp,Female,112.57.43.29
694,Orville,Guiver,oguiverj9@auda.org.au,Male,213.228.45.206
695,Paulie,Clarkin,pclarkinja@auda.org.au,Female,2.247.167.43
696,Gayler,Schimpke,gschimpkejb@diigo.com,Male,85.77.106.224
697,Annelise,Melsom,amelsomjc@virginia.edu,Female,46.127.193.64
698,Curtice,Galer,cgalerjd@geocities.com,Male,14.14.225.12
699,Coop,Twamley,ctwamleyje@csmonitor.com,Male,213.42.15.210
700,Chilton,Sehorsch,csehorschjf@cyberchimps.com,Male,152.145.121.73
701,Matilde,Darbishire,mdarbishirejg@ow.ly,Female,3.58.83.226
702,Ethan,Gosnoll,egosnolljh@google.fr,Male,114.185.158.136
703,Hildy,Lethbrig,hlethbrigji@soup.io,Female,6.6.190.24
704,Perri,Corroyer,pcorroyerjj@salon.com,Female,186.174.144.183
705,Orelle,Buck,obuckjk@yahoo.co.jp,Female,47.146.196.94
706,Doy,Minchinden,dminchindenjl@dell.com,Male,116.53.22.63
707,Hervey,Bulleyn,hbulleynjm@imgur.com,Male,185.155.22.186
708,Olia,Carswell,ocarswelljn@simplemachines.org,Female,53.97.225.25
709,Gabbey,Helks,ghelksjo@mozilla.org,Female,76.0.161.246
710,Mair,Potteril,mpotteriljp@washington.edu,Female,207.112.169.246
711,Hy,Ambroix,hambroixjq@weebly.com,Male,249.71.96.250
712,Fernando,Jaukovic,fjaukovicjr@people.com.cn,Male,98.134.68.161
713,Frans,Bollum,fbollumjs@unc.edu,Male,202.142.153.134
714,Alana,Fripp,afrippjt@cnn.com,Female,41.65.128.206
715,Luci,Acock,lacockju@icio.us,Female,11.82.131.80
716,Ginny,Gent,ggentjv@topsy.com,Female,129.170.223.175
717,Andeee,Stichel,asticheljw@yolasite.com,Female,223.165.240.117
718,Cathrin,MacPherson,cmacphersonjx@google.fr,Female,240.95.3.216
719,Tricia,Sabin,tsabinjy@slashdot.org,Female,90.171.168.79
720,Bartholomeus,Stammers,bstammersjz@gov.uk,Male,178.118.14.2
721,Obediah,Traves,otravesk0@samsung.com,Male,121.82.241.251
722,Roxanna,MacGill,rmacgillk1@ca.gov,Female,119.185.224.108
723,Annie,Pettican,apetticank2@intel.com,Female,48.197.213.144
724,Bryce,O'Dennehy,bodennehyk3@slideshare.net,Male,165.206.197.134
725,Barbee,Baum,bbaumk4@123-reg.co.uk,Female,240.127.80.64
726,Corrine,Chatainier,cchatainierk5@typepad.com,Female,24.11.41.211
727,Jereme,Tebbe,jtebbek6@slashdot.org,Male,200.141.41.185
728,Burt,Dumbar,bdumbark7@yahoo.com,Male,11.240.87.43
729,Alan,Foxcroft,afoxcroftk8@gnu.org,Male,17.73.133.97
730,Delcina,Ralfe,dralfek9@dion.ne.jp,Female,128.2.255.58
731,Murry,Sexon,msexonka@naver.com,Male,138.184.195.12
732,Carmine,Slimon,cslimonkb@purevolume.com,Male,149.86.15.55
733,Jarrett,Fishlock,jfishlockkc@unicef.org,Male,239.37.18.222
734,Armstrong,Dallimare,adallimarekd@marketwatch.com,Male,189.97.119.23
735,Sinclare,Myall,smyallke@miibeian.gov.cn,Male,175.223.43.95
736,Garrett,McKearnen,gmckearnenkf@biglobe.ne.jp,Male,14.32.187.99
737,Humfrey,Izkoveski,hizkoveskikg@disqus.com,Male,125.224.247.134
738,Katrinka,Ollerenshaw,kollerenshawkh@ihg.com,Female,118.119.175.140
739,Fonzie,De Filippi,fdefilippiki@artisteer.com,Male,148.71.227.6
740,Cissy,Ungerechts,cungerechtskj@so-net.ne.jp,Female,101.193.116.140
741,Garreth,Redon,gredonkk@whitehouse.gov,Male,132.48.243.11
742,Diane-marie,Geraldi,dgeraldikl@list-manage.com,Female,190.152.203.27
743,Jany,De Laci,jdelacikm@tinyurl.com,Female,72.6.84.151
744,Callean,Esom,cesomkn@blogger.com,Male,40.131.61.212
745,Saxe,Tyre,styreko@dedecms.com,Male,0.227.222.202
746,Blanch,Matelyunas,bmatelyunaskp@harvard.edu,Female,189.8.187.173
747,Euphemia,Cathro,ecathrokq@house.gov,Female,238.93.183.111
748,Rudy,Gowdie,rgowdiekr@vimeo.com,Male,103.170.38.56
749,Cory,Been,cbeenks@joomla.org,Female,240.145.17.240
750,Elisabeth,Cowperthwaite,ecowperthwaitekt@engadget.com,Female,69.157.210.37
751,Griffin,Joanaud,gjoanaudku@nationalgeographic.com,Male,27.91.133.9
752,Xymenes,Trett,xtrettkv@wisc.edu,Male,72.126.101.123
753,Sheilakathryn,Langfitt,slangfittkw@sourceforge.net,Female,199.104.174.52
754,Fairlie,Armell,farmellkx@edublogs.org,Male,88.85.23.9
755,Hilliard,Adanez,hadanezky@quantcast.com,Male,188.193.17.101
756,Emmett,Woosnam,ewoosnamkz@rambler.ru,Male,215.102.159.185
757,Leda,Tabart,ltabartl0@walmart.com,Female,55.165.102.22
758,Bridgette,Skally,bskallyl1@nytimes.com,Female,25.132.15.68
759,Sinclare,Daout,sdaoutl2@salon.com,Male,111.75.79.119
760,Laurence,Wildey,lwildeyl3@sogou.com,Male,235.188.17.252
761,Rosita,Mizzi,rmizzil4@sina.com.cn,Female,113.36.27.117
762,Maude,Rame,mramel5@themeforest.net,Female,248.246.192.151
763,Melba,Bossel,mbossell6@spotify.com,Female,241.100.150.105
764,Josephina,Lyenyng,jlyenyngl7@parallels.com,Female,146.8.209.42
765,Roth,Murford,rmurfordl8@google.com.au,Male,58.196.235.207
766,Tawnya,Dod,tdodl9@wunderground.com,Female,228.205.101.130
767,Hamel,Heasman,hheasmanla@mit.edu,Male,124.63.247.17
768,Berton,Stebles,bstebleslb@eepurl.com,Male,15.70.44.118
769,Barbabas,De Marchi,bdemarchilc@hao123.com,Male,10.89.228.70
770,Prescott,Caillou,pcaillould@vinaora.com,Male,74.220.56.195
771,Godfry,Abrahm,gabrahmle@tamu.edu,Male,154.90.17.127
772,Del,Bensusan,dbensusanlf@about.com,Male,25.246.161.150
773,Isahella,Moar,imoarlg@unc.edu,Female,97.186.194.26
774,Allistir,Gredden,agreddenlh@whitehouse.gov,Male,19.54.12.26
775,Devin,Cettell,dcettellli@geocities.com,Male,254.116.202.157
776,Berrie,Toffoloni,btoffolonilj@delicious.com,Female,49.217.113.179
777,Lani,Waslin,lwaslinlk@gov.uk,Female,141.76.64.191
778,Erroll,Synder,esynderll@istockphoto.com,Male,93.107.64.98
779,Clayson,Wye,cwyelm@163.com,Male,161.82.19.178
780,Corrine,Beininck,cbeininckln@hubpages.com,Female,137.134.118.90
781,Washington,Swettenham,wswettenhamlo@jigsy.com,Male,141.255.170.129
782,Damiano,Lack,dlacklp@paginegialle.it,Male,92.229.17.40
783,Tyrus,Lerohan,tlerohanlq@privacy.gov.au,Male,208.130.18.197
784,Melisenda,Lichtfoth,mlichtfothlr@exblog.jp,Female,233.249.201.128
785,Ezri,Siaskowski,esiaskowskils@usgs.gov,Male,170.32.228.95
786,Justinian,Jerrold,jjerroldlt@nsw.gov.au,Male,141.214.113.76
787,Lillian,Hafford,lhaffordlu@engadget.com,Female,233.85.60.209
788,Worden,Pitchford,wpitchfordlv@epa.gov,Male,233.37.92.166
789,Selia,Fitzharris,sfitzharrislw@delicious.com,Female,183.139.157.122
790,Terrijo,Loan,tloanlx@who.int,Female,162.220.63.132
791,Averill,Rime,arimely@apple.com,Male,234.32.15.135
792,Spencer,Troctor,stroctorlz@mail.ru,Male,58.45.128.7
793,Evonne,Grabham,egrabhamm0@techcrunch.com,Female,194.148.123.117
794,Harlen,Siveter,hsiveterm1@economist.com,Male,188.248.51.239
795,Jodie,Bytheway,jbythewaym2@jiathis.com,Male,205.136.132.51
796,Tadeas,Gehricke,tgehrickem3@senate.gov,Male,117.111.88.70
797,Elia,Sprules,esprulesm4@homestead.com,Male,192.165.57.124
798,Francis,Whewell,fwhewellm5@etsy.com,Male,150.207.68.52
799,Karena,Chevers,kcheversm6@google.com.au,Female,97.190.66.107
800,Corrine,Goard,cgoardm7@wufoo.com,Female,81.23.70.72
801,Jehu,Winsper,jwinsperm8@msn.com,Male,164.97.13.225
802,Cullin,Pentycost,cpentycostm9@hatena.ne.jp,Male,79.160.18.44
803,Palmer,Doran,pdoranma@networkadvertising.org,Male,131.74.95.168
804,Kamillah,Ridewood,kridewoodmb@blinklist.com,Female,10.122.68.154
805,Dominik,Fountaine,dfountainemc@sitemeter.com,Male,231.23.141.223
806,Boyce,Lamblin,blamblinmd@dailymotion.com,Male,71.106.112.152
807,Ezmeralda,Nicolls,enicollsme@msn.com,Female,155.92.3.91
808,Hermon,Kesey,hkeseymf@wikipedia.org,Male,74.250.229.124
809,Mendie,Gini,mginimg@ameblo.jp,Male,105.12.204.170
810,Toby,Benardette,tbenardettemh@mit.edu,Male,250.74.68.173
811,Wandie,Hassekl,whasseklmi@imgur.com,Female,94.147.242.72
812,Shannah,Maykin,smaykinmj@deliciousdays.com,Female,225.17.197.54
813,Malena,Franciotti,mfranciottimk@upenn.edu,Female,245.219.100.79
814,Debera,Edon,dedonml@photobucket.com,Female,162.170.182.226
815,Joyous,Bickmore,jbickmoremm@hugedomains.com,Female,119.212.119.187
816,Fee,Dolle,fdollemn@instagram.com,Male,209.106.25.214
817,Phillip,Baudichon,pbaudichonmo@t-online.de,Male,226.249.213.16
818,Josselyn,Zaple,jzaplemp@yahoo.co.jp,Female,194.19.19.236
819,Bird,Thick,bthickmq@ocn.ne.jp,Female,12.73.144.17
820,Hasty,Mingaye,hmingayemr@cnbc.com,Male,90.29.202.100
821,Alix,Lappin,alappinms@uiuc.edu,Male,117.158.232.139
822,Corbet,Partkya,cpartkyamt@unc.edu,Male,78.211.246.114
823,Jorey,Redford,jredfordmu@alibaba.com,Female,145.231.218.97
824,Leonid,Schult,lschultmv@aol.com,Male,12.38.43.105
825,Susanna,Ackerman,sackermanmw@drupal.org,Female,38.221.123.42
826,Gregorio,Hidderley,ghidderleymx@wufoo.com,Male,59.17.209.154
827,Brockie,Callicott,bcallicottmy@apache.org,Male,156.59.136.192
828,Moses,Dryburgh,mdryburghmz@biglobe.ne.jp,Male,30.118.88.144
829,Othilie,Nossent,onossentn0@rambler.ru,Female,16.108.151.50
830,Derick,Ride,driden1@qq.com,Male,131.240.12.190
831,Cordelie,Mairs,cmairsn2@reverbnation.com,Female,94.144.252.19
832,Pierette,Larenson,plarensonn3@bbc.co.uk,Female,147.50.67.186
833,Elisabeth,Copnall,ecopnalln4@51.la,Female,2.228.32.83
834,Fons,Drews,fdrewsn5@epa.gov,Male,168.228.197.174
835,Mella,Guichard,mguichardn6@arstechnica.com,Female,233.47.12.140
836,Alis,Maylott,amaylottn7@cbslocal.com,Female,204.149.228.12
837,Hortense,Langmuir,hlangmuirn8@acquirethisname.com,Female,47.198.66.19
838,Gwendolin,Westmoreland,gwestmorelandn9@reuters.com,Female,43.89.186.204
839,Calv,Pittway,cpittwayna@webmd.com,Male,199.87.207.148
840,Garnet,Deeth,gdeethnb@google.nl,Female,223.3.25.79
841,Ilsa,Perrington,iperringtonnc@com.com,Female,104.180.80.190
842,Leonore,Flobert,lflobertnd@utexas.edu,Female,165.117.136.45
843,Rina,Broszkiewicz,rbroszkiewiczne@redcross.org,Female,15.162.174.127
844,Melinda,Buff,mbuffnf@w3.org,Female,95.181.113.47
845,Kylen,Cahalan,kcahalanng@guardian.co.uk,Female,133.169.143.61
846,Nikkie,Wimes,nwimesnh@myspace.com,Female,88.106.180.66
847,Bronnie,Dudgeon,bdudgeonni@ft.com,Male,118.159.110.29
848,Chicky,Faucett,cfaucettnj@bizjournals.com,Female,147.158.84.73
849,Corbet,Stringfellow,cstringfellownk@woothemes.com,Male,235.211.190.14
850,Theresita,Degoe,tdegoenl@csmonitor.com,Female,59.195.57.162
851,Billie,Wellbelove,bwellbelovenm@nba.com,Female,204.191.163.107
852,Elliot,Castelow,ecastelownn@msn.com,Male,219.158.6.92
853,Elnora,Sidney,esidneyno@wunderground.com,Female,64.189.146.154
854,Alano,Dowsey,adowseynp@dropbox.com,Male,88.36.169.19
855,Jakob,Parton,jpartonnq@home.pl,Male,164.156.237.39
856,Zachery,Labusquiere,zlabusquierenr@chronoengine.com,Male,42.222.157.100
857,Galven,Knevett,gknevettns@independent.co.uk,Male,110.210.96.164
858,Wendye,Crang,wcrangnt@narod.ru,Female,140.225.35.54
859,Cesare,Gerram,cgerramnu@buzzfeed.com,Male,123.63.83.252
860,Germaine,Bleasby,gbleasbynv@washington.edu,Male,20.199.235.240
861,Barn,Moynham,bmoynhamnw@sogou.com,Male,37.54.134.66
862,Wang,Yorkston,wyorkstonnx@dedecms.com,Male,15.239.26.236
863,Woodman,Gregoli,wgregoliny@hp.com,Male,105.68.252.24
864,Miranda,Aiton,maitonnz@cloudflare.com,Female,105.63.194.249
865,Lewie,Studdal,lstuddalo0@discuz.net,Male,254.86.31.219
866,Morgan,Gravenor,mgravenoro1@archive.org,Female,97.207.98.243
867,Uriah,Rheam,urheamo2@smh.com.au,Male,237.231.151.124
868,Jamima,Hardway,jhardwayo3@cdc.gov,Female,205.236.209.27
869,Reidar,Maddocks,rmaddockso4@psu.edu,Male,59.75.211.20
870,Harmonia,Tollemache,htollemacheo5@myspace.com,Female,141.148.13.101
871,Gunter,Digg,gdiggo6@cbslocal.com,Male,7.56.232.174
872,Chucho,Brambell,cbrambello7@ca.gov,Male,213.103.85.141
873,Mirna,Standbridge,mstandbridgeo8@icq.com,Female,165.7.203.247
874,Allie,Ketton,akettono9@virginia.edu,Female,175.54.91.101
875,Sarina,Dwine,sdwineoa@unc.edu,Female,127.13.149.192
876,Brion,Buckler,bbucklerob@berkeley.edu,Male,7.183.128.107
877,Ivy,Bouskill,ibouskilloc@imgur.com,Female,205.25.5.9
878,Ibbie,Richin,irichinod@cargocollective.com,Female,153.61.117.186
879,Roseann,Hazlegrove,rhazlegroveoe@admin.ch,Female,242.95.97.96
880,Roosevelt,Vernall,rvernallof@liveinternet.ru,Male,127.233.45.74
881,Editha,Straneo,estraneoog@bizjournals.com,Female,121.182.181.188
882,Naoma,Zapater,nzapateroh@blog.com,Female,102.65.112.229
883,Vassili,Tranckle,vtranckleoi@stanford.edu,Male,163.183.30.100
884,Ezra,Balazin,ebalazinoj@biglobe.ne.jp,Male,1.133.155.12
885,Leslie,Perham,lperhamok@facebook.com,Male,137.152.216.86
886,Constantino,Dowears,cdowearsol@cam.ac.uk,Male,65.124.43.168
887,Elka,Pawlick,epawlickom@uol.com.br,Female,150.156.200.67
888,Amalee,McIndrew,amcindrewon@weibo.com,Female,115.134.234.172
889,Boyd,Canton,bcantonoo@amazon.co.jp,Male,240.75.140.0
890,Donovan,Luckcock,dluckcockop@ucsd.edu,Male,87.24.102.247
891,Cyrill,Jagielski,cjagielskioq@paginegialle.it,Male,38.21.31.206
892,Kiersten,Dorking,kdorkingor@mtv.com,Female,175.197.107.15
893,Gennie,Nesey,gneseyos@exblog.jp,Female,173.102.115.91
894,Frazer,Staton,fstatonot@comcast.net,Male,191.28.83.101
895,Chelsey,Gallone,cgalloneou@miibeian.gov.cn,Female,1.118.232.173
896,Daisie,Adamides,dadamidesov@woothemes.com,Female,219.228.103.246
897,Bo,Rhelton,brheltonow@cpanel.net,Male,107.225.89.108
898,Arielle,Andreacci,aandreacciox@arstechnica.com,Female,229.143.91.213
899,Brittani,McGinny,bmcginnyoy@usnews.com,Female,136.231.44.69
900,Filippa,Nutkins,fnutkinsoz@cdc.gov,Female,230.33.70.22
901,Margareta,Diplock,mdiplockp0@nature.com,Female,214.245.71.226
902,Dorey,Garley,dgarleyp1@istockphoto.com,Male,115.128.222.251
903,Gardner,O'Towey,gotoweyp2@go.com,Male,19.19.212.219
904,Abbot,Cattell,acattellp3@nsw.gov.au,Male,58.56.185.49
905,Gavra,Deakin,gdeakinp4@bigcartel.com,Female,223.241.75.0
906,Ines,Normand,inormandp5@blinklist.com,Female,251.111.173.141
907,Sharai,Andryunin,sandryuninp6@jimdo.com,Female,8.111.238.115
908,Mariya,Volker,mvolkerp7@behance.net,Female,184.4.142.53
909,Bethena,Fasham,bfashamp8@sfgate.com,Female,222.196.111.156
910,Stanleigh,Raubenheimers,sraubenheimersp9@macromedia.com,Male,63.123.196.145
911,Odella,Clemson,oclemsonpa@fema.gov,Female,43.87.80.181
912,Rosamond,Simao,rsimaopb@list-manage.com,Female,36.27.253.53
913,Lucian,Kilmary,lkilmarypc@tinypic.com,Male,31.81.156.139
914,Maryjane,Hayzer,mhayzerpd@mail.ru,Female,35.81.185.92
915,Allan,Kix,akixpe@theguardian.com,Male,181.125.7.60
916,Nanny,Kiezler,nkiezlerpf@epa.gov,Female,165.10.59.160
917,Rhiamon,Fathers,rfatherspg@ocn.ne.jp,Female,63.182.157.41
918,Blair,Bellard,bbellardph@hud.gov,Female,127.217.180.34
919,Astrix,Forestel,aforestelpi@uol.com.br,Female,65.156.160.151
920,Romeo,Matuschek,rmatuschekpj@phpbb.com,Male,69.47.233.234
921,Minda,Greenroa,mgreenroapk@disqus.com,Female,35.199.52.54
922,Edvard,Littley,elittleypl@furl.net,Male,106.95.213.170
923,Kennie,Wichard,kwichardpm@soup.io,Male,255.116.244.208
924,Selby,Pumphreys,spumphreyspn@smugmug.com,Male,94.77.123.68
925,Stanley,Windross,swindrosspo@phoca.cz,Male,1.55.185.80
926,Darlene,Western,dwesternpp@nbcnews.com,Female,176.213.85.244
927,Igor,Cathesyed,icathesyedpq@intel.com,Male,246.156.128.128
928,Patsy,Escofier,pescofierpr@ox.ac.uk,Female,192.101.91.35
929,Kendra,Fildes,kfildesps@drupal.org,Female,109.101.177.83
930,Gabie,Faccini,gfaccinipt@theatlantic.com,Male,65.53.69.52
931,Eben,Anderton,eandertonpu@yellowbook.com,Male,113.154.108.178
932,Aldus,Furneaux,afurneauxpv@nasa.gov,Male,145.156.222.212
933,Giacobo,Clay,gclaypw@nba.com,Male,82.19.116.238
934,Rockie,Gillmor,rgillmorpx@1und1.de,Male,9.232.74.17
935,Julietta,Hevey,jheveypy@imageshack.us,Female,163.163.35.58
936,Lory,Calvert,lcalvertpz@seesaa.net,Female,61.187.241.239
937,Cissiee,Larham,clarhamq0@timesonline.co.uk,Female,156.161.78.34
938,Pat,Gersam,pgersamq1@constantcontact.com,Male,1.72.212.149
939,Vinni,Bortolussi,vbortolussiq2@wired.com,Female,21.114.94.125
940,Vivia,Kulicke,vkulickeq3@reference.com,Female,27.222.156.161
941,Brenn,Vivien,bvivienq4@salon.com,Female,94.196.93.154
942,Sylas,Gunby,sgunbyq5@npr.org,Male,232.89.79.184
943,Felicio,Drinan,fdrinanq6@paginegialle.it,Male,87.113.125.110
944,Ewan,Hilley,ehilleyq7@house.gov,Male,40.248.146.241
945,Roanna,Frensche,rfrenscheq8@scribd.com,Female,131.29.187.32
946,Dayle,Guarnier,dguarnierq9@gnu.org,Female,55.209.149.133
947,Shay,Zielinski,szielinskiqa@twitpic.com,Female,239.252.150.204
948,Inger,Kalf,ikalfqb@people.com.cn,Male,98.181.41.70
949,Cyril,Emor,cemorqc@joomla.org,Male,84.166.53.13
950,Ker,McSparran,kmcsparranqd@blinklist.com,Male,253.207.130.49
951,Harrie,Lorkins,hlorkinsqe@elegantthemes.com,Female,28.191.139.110
952,Dinny,Desforges,ddesforgesqf@taobao.com,Female,64.36.169.170
953,Calhoun,Allberry,callberryqg@acquirethisname.com,Male,21.17.147.212
954,Dana,Julian,djulianqh@aboutads.info,Male,63.125.237.148
955,Bar,Prinnett,bprinnettqi@usnews.com,Male,248.204.29.26
956,Alena,Ridolfi,aridolfiqj@mac.com,Female,171.190.132.144
957,Barthel,Rowlett,browlettqk@moonfruit.com,Male,183.172.226.233
958,Myrwyn,Lassen,mlassenql@europa.eu,Male,1.31.135.70
959,Minna,Ashbrook,mashbrookqm@1und1.de,Female,99.206.84.4
960,Benoit,Feben,bfebenqn@prlog.org,Male,143.59.94.228
961,Burnard,Aldcorn,baldcornqo@reference.com,Male,31.214.116.60
962,Adolf,Banasik,abanasikqp@goodreads.com,Male,130.234.139.27
963,Adham,Asmus,aasmusqq@state.gov,Male,176.16.122.195
964,Myca,Ramlot,mramlotqr@360.cn,Male,146.8.193.219
965,Virgie,Martinat,vmartinatqs@phoca.cz,Male,18.74.130.2
966,Merissa,Bingle,mbingleqt@cyberchimps.com,Female,7.59.84.201
967,Gaven,Reddyhoff,greddyhoffqu@aol.com,Male,129.182.88.224
968,Noble,Oldford,noldfordqv@yelp.com,Male,201.76.21.82
969,Trista,Jiran,tjiranqw@hud.gov,Female,51.148.65.207
970,Brock,Stile,bstileqx@cnn.com,Male,242.93.79.169
971,Constancy,Awmack,cawmackqy@arstechnica.com,Female,62.37.67.95
972,Hatty,Tremellier,htremellierqz@google.com.br,Female,88.86.44.118
973,Napoleon,Skoof,nskoofr0@squidoo.com,Male,203.221.252.93
974,Shaina,Sidwick,ssidwickr1@telegraph.co.uk,Female,194.198.37.51
975,Ransell,Shildrick,rshildrickr2@whitehouse.gov,Male,220.166.214.72
976,Baillie,Chantree,bchantreer3@house.gov,Male,33.113.137.134
977,Zacharias,Mawdsley,zmawdsleyr4@github.com,Male,120.169.245.186
978,Nicholle,Fernanando,nfernanandor5@qq.com,Female,118.5.191.242
979,Pauly,Lowthorpe,plowthorper6@merriam-webster.com,Male,168.23.94.83
980,Jozef,Sedwick,jsedwickr7@mapy.cz,Male,31.18.220.133
981,Stanislaw,Tamsett,stamsettr8@cnn.com,Male,157.133.147.130
982,Tomlin,Danaher,tdanaherr9@baidu.com,Male,161.85.70.78
983,Sally,Chazerand,schazerandra@blinklist.com,Female,132.210.197.170
984,Vickie,McCorry,vmccorryrb@marriott.com,Female,148.68.193.92
985,Leland,Keese,lkeeserc@cmu.edu,Male,105.41.172.21
986,Alberik,Pidgeley,apidgeleyrd@intel.com,Male,106.245.52.187
987,Read,Farleigh,rfarleighre@zimbio.com,Male,214.46.159.138
988,Olivier,Majury,omajuryrf@comsenz.com,Male,235.26.72.163
989,Walliw,Jouanny,wjouannyrg@state.tx.us,Female,164.70.233.20
990,Kean,Halstead,khalsteadrh@bandcamp.com,Male,240.208.17.99
991,Gabi,Geraghty,ggeraghtyri@ocn.ne.jp,Female,63.217.154.198
992,Millicent,Torrese,mtorreserj@webnode.com,Female,10.99.107.253
993,Desi,Haig,dhaigrk@istockphoto.com,Male,248.20.12.168
994,Nichole,Prichet,nprichetrl@wiley.com,Female,188.232.13.92
995,Godfrey,Leaburn,gleaburnrm@blogger.com,Male,14.225.10.251
996,Agneta,McEllen,amcellenrn@ezinearticles.com,Female,117.32.254.130
997,Page,Fetters,pfettersro@twitter.com,Female,208.225.78.221
998,Felita,Dumphy,fdumphyrp@homestead.com,Female,181.196.145.204
999,Barr,Bennetts,bbennettsrq@chronoengine.com,Male,225.216.130.153
1000,Erminie,Pichmann,epichmannrr@plala.or.jp,Female,107.158.63.197
