id,first_name,last_name,email,gender,ip_address
1,Vinnie,Pridie,vpridie0@amazonaws.com,Female,26.79.200.171
2,Erin,Harridge,eharridge1@tamu.edu,Female,18.184.109.247
3,Loy,O' Donohoe,lodonohoe2@eepurl.com,Male,21.48.230.41
4,Prinz,Atthowe,patthowe3@networkadvertising.org,Male,5.127.86.54
5,Heath,Laugier,hlaugier4@sitemeter.com,Female,6.154.186.214
6,Niko,Gelardi,ngelardi5@dagondesign.com,Male,251.205.143.237
7,Sharlene,Manson,smanson6@google.ca,Female,232.152.12.215
8,Izak,Dobby,idobby7@nbcnews.com,Male,127.230.102.36
9,Shawn,Copping,scopping8@geocities.jp,Female,248.147.80.70
10,Trace,Kingwell,tkingwell9@weebly.com,Male,166.203.182.229
11,Renado,Le Hucquet,rlehucqueta@state.tx.us,Male,103.143.215.69
12,Buffy,Fear,bfearb@tuttocitta.it,Female,170.228.108.66
13,Mordecai,Voss,mvossc@skyrock.com,Male,54.220.51.163
14,Kanya,Rainbird,krainbirdd@godaddy.com,Female,15.185.1.23
15,Wood,Sandbatch,wsandbatche@sourceforge.net,Male,127.52.3.138
16,Curr,Mourge,cmourgef@digg.com,Male,119.123.224.170
17,Gil,Pideon,gpideong@ezinearticles.com,Male,136.90.203.133
18,Pepi,Braemer,pbraemerh@nydailynews.com,Female,40.246.107.123
19,Aretha,Chauvey,achauveyi@instagram.com,Female,40.31.119.68
20,Rosy,Augar,raugarj@meetup.com,Female,40.236.64.87
21,Alanna,Willatts,awillattsk@wired.com,Female,94.84.34.87
22,Kevon,Wenden,kwendenl@slate.com,Male,94.134.231.1
23,Nari,Miles,nmilesm@vk.com,Female,183.126.187.111
24,Edin,Mouncey,emounceyn@narod.ru,Female,179.5.214.43
25,Thurston,Macquire,tmacquireo@rediff.com,Male,71.15.198.210
26,Tod,Lapenna,tlapennap@ihg.com,Male,194.116.86.66
27,Virgilio,Vellender,vvellenderq@unicef.org,Male,244.174.251.81
28,Jehu,Agent,jagentr@yelp.com,Male,54.121.74.239
29,Paolina,Wharmby,pwharmbys@virginia.edu,Female,126.179.42.236
30,Nicolas,Shimon,nshimont@answers.com,Male,109.232.57.153
31,Corney,Dumpleton,cdumpletonu@barnesandnoble.com,Male,124.222.116.24
32,Chelsey,Belfitt,cbelfittv@drupal.org,Female,198.158.68.220
33,Salome,Alvarez,salvarezw@msn.com,Female,46.68.194.20
34,Dorry,Wiltsher,dwiltsherx@disqus.com,Female,75.30.70.241
35,Danice,Seawright,dseawrighty@slate.com,Female,120.92.172.21
36,Aurore,Greenset,agreensetz@cyberchimps.com,Female,29.204.23.147
37,Nathanael,Ibbeson,nibbeson10@archive.org,Male,34.47.39.229
38,Aaron,Schechter,aschechter11@sbwire.com,Male,185.222.226.250
39,Meggy,Siley,msiley12@aboutads.info,Female,5.1.115.58
40,Ginger,Bellringer,gbellringer13@spotify.com,Male,248.25.142.179
41,Bogey,Kennady,bkennady14@xinhuanet.com,Male,95.218.226.226
42,Everard,Dagnall,edagnall15@hhs.gov,Male,218.237.224.125
43,Ruprecht,Damiral,rdamiral16@com.com,Male,173.93.89.12
44,Loralee,Nelhams,lnelhams17@sciencedaily.com,Female,145.239.18.20
45,Shamus,Overel,soverel18@tmall.com,Male,40.67.13.108
46,Reggie,Beetlestone,rbeetlestone19@sciencedaily.com,Male,119.144.140.80
47,Gerhard,Bosket,gbosket1a@mit.edu,Male,205.216.145.160
48,Cami,Bonsul,cbonsul1b@behance.net,Female,80.57.177.202
49,Donalt,Augie,daugie1c@weebly.com,Male,151.229.68.159
50,Weidar,Snowsill,wsnowsill1d@yandex.ru,Male,198.108.125.87
51,Richmond,Bellas,rbellas1e@over-blog.com,Male,58.18.59.232
52,Gael,Darragon,gdarragon1f@tiny.cc,Male,118.140.239.58
53,Christie,Chevins,cchevins1g@vkontakte.ru,Male,134.184.234.204
54,Sidnee,Custance,scustance1h@wikia.com,Male,12.224.59.236
55,Angelita,Wenderoth,awenderoth1i@google.nl,Female,212.43.227.205
56,Karleen,Lushey,klushey1j@admin.ch,Female,9.134.32.107
57,Claudianus,Rudgerd,crudgerd1k@w3.org,Male,215.146.176.106
58,Brett,Hrinchenko,bhrinchenko1l@gnu.org,Female,156.61.49.240
59,Muire,Christall,mchristall1m@issuu.com,Female,163.197.230.205
60,Reinhard,Steed,rsteed1n@delicious.com,Male,41.236.189.128
61,Candida,Abbot,cabbot1o@sfgate.com,Female,63.89.226.1
62,Coralie,Bonwell,cbonwell1p@nifty.com,Female,106.253.134.53
63,Carmella,Larder,clarder1q@hostgator.com,Female,42.248.243.206
64,Orrin,Imlacke,oimlacke1r@google.com.br,Male,52.67.96.175
65,Colman,Symington,csymington1s@nyu.edu,Male,134.36.253.19
66,Nicolai,Luther,nluther1t@mlb.com,Male,225.138.84.163
67,Emerson,Kirman,ekirman1u@jigsy.com,Male,112.206.37.79
68,Bobbie,Gurney,bgurney1v@bbb.org,Male,241.243.59.137
69,Erroll,Bodicum,ebodicum1w@stumbleupon.com,Male,11.89.65.117
70,Cos,Buxton,cbuxton1x@redcross.org,Male,27.126.103.158
71,Phillipe,Portal,pportal1y@slate.com,Male,120.32.99.120
72,Kaleena,Reinbech,kreinbech1z@domainmarket.com,Female,78.177.125.161
73,Zondra,Jiggen,zjiggen20@skyrock.com,Female,194.42.11.109
74,Matthieu,Clamp,mclamp21@oakley.com,Male,230.33.229.63
75,Carolin,Wolford,cwolford22@livejournal.com,Female,33.205.60.217
76,Gretna,Matessian,gmatessian23@hostgator.com,Female,66.253.5.162
77,Obed,Borkin,oborkin24@theatlantic.com,Male,233.205.197.177
78,Prentice,Gommes,pgommes25@gravatar.com,Male,143.35.254.158
79,Reynold,Ofield,rofield26@wunderground.com,Male,233.89.106.24
80,Jarred,Caldwall,jcaldwall27@nationalgeographic.com,Male,117.122.7.213
81,Zacharia,MacKnockiter,zmacknockiter28@cafepress.com,Male,99.32.189.231
82,Sallee,Ketch,sketch29@forbes.com,Female,175.48.203.76
83,Ryann,Hatterslay,rhatterslay2a@webnode.com,Female,43.246.63.181
84,Parry,Ilchuk,pilchuk2b@imgur.com,Male,215.94.249.126
85,Meghann,Wimbridge,mwimbridge2c@shutterfly.com,Female,15.101.223.28
86,Robbie,Hollerin,rhollerin2d@hugedomains.com,Female,68.141.42.10
87,Babb,Jurn,bjurn2e@nhs.uk,Female,3.247.36.24
88,Alissa,Vassel,avassel2f@jimdo.com,Female,136.141.171.163
89,Sergio,Ives,sives2g@dot.gov,Male,52.195.230.187
90,Cristin,Matei,cmatei2h@360.cn,Female,231.123.26.82
91,Leilah,Fittall,lfittall2i@etsy.com,Female,204.22.216.156
92,Mavis,Swancott,mswancott2j@paginegialle.it,Female,17.89.46.53
93,Sheilah,Matteris,smatteris2k@macromedia.com,Female,4.114.69.174
94,Rosalia,Renny,rrenny2l@google.com,Female,26.208.124.241
95,Paquito,Cabral,pcabral2m@deviantart.com,Male,151.157.241.157
96,Rosalinde,Tisun,rtisun2n@elegantthemes.com,Female,2.61.41.147
97,Dane,Sketh,dsketh2o@springer.com,Male,95.77.159.234
98,Manfred,Harrington,mharrington2p@paginegialle.it,Male,169.40.239.23
99,Lev,Bourbon,lbourbon2q@house.gov,Male,152.143.253.96
100,Yasmin,Pickavant,ypickavant2r@psu.edu,Female,89.249.0.184
101,Sibbie,Gentsch,sgentsch2s@slashdot.org,Female,147.0.31.139
102,Odo,Meindl,omeindl2t@spotify.com,Male,4.217.29.25
103,Shawn,MacRierie,smacrierie2u@yahoo.co.jp,Female,99.237.29.208
104,Gilli,Trahear,gtrahear2v@nymag.com,Female,31.126.79.4
105,Guthry,Stallan,gstallan2w@qq.com,Male,87.126.9.240
106,Way,Bendson,wbendson2x@ftc.gov,Male,206.176.110.201
107,Britta,Johns,bjohns2y@flickr.com,Female,198.78.41.250
108,Celia,Sauven,csauven2z@sina.com.cn,Female,228.128.48.226
109,Paco,Ancliffe,pancliffe30@unc.edu,Male,252.184.81.138
110,Gino,Dongles,gdongles31@howstuffworks.com,Male,83.20.1.68
111,Sarge,Oak,soak32@wp.com,Male,190.234.40.214
112,Paolina,Rowcastle,prowcastle33@washingtonpost.com,Female,110.2.171.240
113,Melisandra,Herculson,mherculson34@auda.org.au,Female,227.82.187.76
114,Letti,Bodley,lbodley35@blog.com,Female,121.104.237.213
115,Pepillo,Mosdill,pmosdill36@chicagotribune.com,Male,220.217.75.218
116,Mose,Falla,mfalla37@etsy.com,Male,3.240.173.242
117,Denver,Speenden,dspeenden38@aboutads.info,Male,23.180.42.119
118,Gerald,Dearth,gdearth39@indiatimes.com,Male,10.112.58.29
119,Aylmer,Shoute,ashoute3a@slideshare.net,Male,165.166.112.102
120,Sibylle,Trowsdale,strowsdale3b@webs.com,Female,127.42.221.152
121,Ethelbert,Eyden,eeyden3c@forbes.com,Male,5.248.110.123
122,Merci,Sprouls,msprouls3d@google.com.au,Female,207.55.100.198
123,Cyrill,Kermitt,ckermitt3e@ycombinator.com,Male,100.113.150.146
124,Staffard,Frill,sfrill3f@studiopress.com,Male,108.205.73.86
125,Herby,Heavens,hheavens3g@mtv.com,Male,208.252.63.234
126,Bernarr,Ferroni,bferroni3h@ca.gov,Male,99.111.42.97
127,Robinett,Mathan,rmathan3i@fastcompany.com,Female,143.60.50.193
128,Hal,Volkers,hvolkers3j@sakura.ne.jp,Male,105.48.57.254
129,Wadsworth,Manlow,wmanlow3k@opensource.org,Male,215.30.162.49
130,Orly,Ferronet,oferronet3l@apple.com,Female,212.5.227.246
131,Stefa,Pymer,spymer3m@aol.com,Female,213.193.26.179
132,Betteann,Slee,bslee3n@google.cn,Female,40.66.169.127
133,Godwin,MacCome,gmaccome3o@state.tx.us,Male,25.36.34.193
134,Katrina,Seargeant,kseargeant3p@washingtonpost.com,Female,182.182.132.15
135,Gerek,Demeza,gdemeza3q@aol.com,Male,24.27.238.233
136,Jerrome,Madge,jmadge3r@wordpress.org,Male,139.36.94.37
137,Nicolais,Maffy,nmaffy3s@utexas.edu,Male,96.215.20.240
138,Reggy,Tennick,rtennick3t@ebay.com,Male,98.61.213.239
139,Sutherland,Badrick,sbadrick3u@shinystat.com,Male,48.241.3.193
140,Essie,Bonnick,ebonnick3v@google.ru,Female,255.125.94.221
141,Adele,Saunper,asaunper3w@123-reg.co.uk,Female,113.114.79.191
142,Winfield,Masser,wmasser3x@odnoklassniki.ru,Male,79.57.147.155
143,Aubrie,Valett,avalett3y@comsenz.com,Female,236.209.68.80
144,Eugene,Sunnex,esunnex3z@yahoo.com,Male,66.194.153.60
145,Sam,Branston,sbranston40@miibeian.gov.cn,Male,62.238.224.55
146,Charmaine,Izakof,cizakof41@latimes.com,Female,27.98.21.153
147,Emmeline,Eckford,eeckford42@ibm.com,Female,48.112.31.204
148,Adeline,Harries,aharries43@cdbaby.com,Female,202.153.128.25
149,Sherlock,Woollett,swoollett44@dmoz.org,Male,47.243.65.84
150,Malinda,Videan,mvidean45@discuz.net,Female,39.52.161.77
151,Waneta,Adamek,wadamek46@webs.com,Female,255.201.18.203
152,Jeanne,Miles,jmiles47@engadget.com,Female,56.236.207.27
153,Grange,Bickerton,gbickerton48@oakley.com,Male,232.24.251.220
154,Eryn,Clee,eclee49@weibo.com,Female,166.186.213.16
155,Chico,Blint,cblint4a@phpbb.com,Male,247.125.66.126
156,Darelle,Beament,dbeament4b@about.me,Female,238.125.201.100
157,Rudd,Assiter,rassiter4c@utexas.edu,Male,158.176.171.39
158,Clayborne,Calbert,ccalbert4d@amazon.co.jp,Male,94.147.159.61
159,Baxter,Dolden,bdolden4e@tumblr.com,Male,12.99.180.63
160,Archy,January,ajanuary4f@bloglovin.com,Male,161.125.110.15
161,Dom,Kemme,dkemme4g@creativecommons.org,Male,77.149.85.148
162,Melicent,Wigelsworth,mwigelsworth4h@omniture.com,Female,27.47.3.84
163,Karim,Reihill,kreihill4i@craigslist.org,Male,236.207.233.92
164,Vale,Kiln,vkiln4j@vk.com,Female,218.13.164.34
165,Hunt,Burriss,hburriss4k@lycos.com,Male,13.22.16.93
166,Mordecai,Izchaki,mizchaki4l@123-reg.co.uk,Male,199.6.15.102
167,Jolene,Lepoidevin,jlepoidevin4m@drupal.org,Female,14.230.81.250
168,Vyky,MacGoun,vmacgoun4n@accuweather.com,Female,135.177.163.45
169,Walden,Rolland,wrolland4o@icq.com,Male,166.237.86.86
170,Randy,Dineen,rdineen4p@amazon.com,Female,36.39.106.16
171,Raimund,Sprowle,rsprowle4q@webs.com,Male,135.176.225.124
172,Letizia,Betho,lbetho4r@google.cn,Female,100.194.51.141
173,Dalt,Ivankov,divankov4s@virginia.edu,Male,87.92.51.226
174,La verne,Tokley,ltokley4t@stanford.edu,Female,35.101.133.152
175,Francklyn,Joye,fjoye4u@odnoklassniki.ru,Male,21.48.176.41
176,Madelin,Le Marquand,mlemarquand4v@ebay.co.uk,Female,203.68.228.137
177,Heidie,Rudledge,hrudledge4w@booking.com,Female,25.38.214.131
178,Tessy,Peiro,tpeiro4x@bloglines.com,Female,66.56.75.36
179,Hallsy,Waddicor,hwaddicor4y@eepurl.com,Male,70.166.211.233
180,Isahella,McVanamy,imcvanamy4z@cnn.com,Female,196.86.64.83
181,Cobbie,Aleevy,caleevy50@jimdo.com,Male,30.16.138.63
182,Tate,Merrigan,tmerrigan51@opera.com,Male,192.176.222.50
183,Greg,Ruffy,gruffy52@networksolutions.com,Male,8.18.189.90
184,Dasie,MacEllen,dmacellen53@irs.gov,Female,34.239.24.116
185,Goldie,Erangey,gerangey54@plala.or.jp,Female,55.93.97.86
186,Danya,Tanswill,dtanswill55@newsvine.com,Male,127.19.17.34
187,Shayne,Wadesworth,swadesworth56@businessinsider.com,Male,187.236.72.188
188,Libbi,Karlqvist,lkarlqvist57@accuweather.com,Female,239.53.245.35
189,Jo,Petruskevich,jpetruskevich58@miitbeian.gov.cn,Female,211.255.145.16
190,Alasdair,Dobson,adobson59@comcast.net,Male,134.48.224.109
191,Harwell,Viscovi,hviscovi5a@scientificamerican.com,Male,211.214.149.158
192,Atlante,Hauch,ahauch5b@sogou.com,Female,114.84.74.56
193,Ottilie,Werrit,owerrit5c@sogou.com,Female,165.237.76.213
194,Caddric,Moncreiffe,cmoncreiffe5d@dell.com,Male,215.155.36.211
195,Bryon,Karel,bkarel5e@gnu.org,Male,249.204.245.74
196,Felix,Enston,fenston5f@list-manage.com,Male,120.21.137.17
197,Rick,Mcsarry,rmcsarry5g@printfriendly.com,Male,84.212.197.175
198,Edwin,Wederell,ewederell5h@slate.com,Male,2.13.42.144
199,Cayla,Fettis,cfettis5i@biblegateway.com,Female,204.194.189.149
200,Orran,Allday,oallday5j@seattletimes.com,Male,243.235.148.18
201,Paule,Dymick,pdymick5k@cnet.com,Female,173.72.178.221
202,Britteny,Arnfield,barnfield5l@sciencedirect.com,Female,219.128.103.235
203,Deana,Forsythe,dforsythe5m@globo.com,Female,113.55.21.194
204,Jilleen,Figger,jfigger5n@aboutads.info,Female,50.245.208.113
205,Viole,Overton,voverton5o@netscape.com,Female,231.41.215.47
206,Sammie,Andreev,sandreev5p@miibeian.gov.cn,Male,136.140.129.232
207,Brendin,Ayres,bayres5q@shutterfly.com,Male,228.216.224.208
208,Zia,Delahunty,zdelahunty5r@businessweek.com,Female,124.109.177.188
209,Pietrek,Vogelein,pvogelein5s@parallels.com,Male,74.240.136.167
210,Shanie,Ellerman,sellerman5t@e-recht24.de,Female,140.4.54.252
211,Fonzie,Jiranek,fjiranek5u@nifty.com,Male,222.144.183.116
212,Laurel,MacFadin,lmacfadin5v@drupal.org,Female,113.14.111.189
213,Eudora,Pierrepoint,epierrepoint5w@facebook.com,Female,71.191.38.108
214,Aloysia,Breeze,abreeze5x@360.cn,Female,13.119.53.33
215,Berrie,Roust,broust5y@boston.com,Female,5.254.144.198
216,Robbyn,Bach,rbach5z@guardian.co.uk,Female,143.98.232.223
217,Odetta,Fold,ofold60@comcast.net,Female,81.241.64.147
218,Allister,L'Hommeau,alhommeau61@123-reg.co.uk,Male,51.204.236.44
219,Jourdain,Wenden,jwenden62@google.com,Male,67.173.70.36
220,Winny,Wrankling,wwrankling63@cyberchimps.com,Male,143.53.69.3
221,Dacy,Derrington,dderrington64@csmonitor.com,Female,205.36.86.99
222,Thibaud,Purton,tpurton65@go.com,Male,54.106.133.7
223,Shawna,Lichfield,slichfield66@vinaora.com,Female,239.148.167.198
224,Gigi,Kingswell,gkingswell67@opera.com,Female,61.188.222.238
225,Em,Broy,ebroy68@bbb.org,Female,28.226.240.34
226,Elbertina,Stambridge,estambridge69@seattletimes.com,Female,179.194.168.162
227,Ally,Bonner,abonner6a@pcworld.com,Female,73.211.54.188
228,Birk,Stean,bstean6b@vinaora.com,Male,75.219.32.136
229,Marie-jeanne,Bollam,mbollam6c@ezinearticles.com,Female,181.72.1.117
230,Gerhardt,Jest,gjest6d@ox.ac.uk,Male,221.233.163.129
231,Lonna,Claybourn,lclaybourn6e@home.pl,Female,110.74.16.227
232,Rhianna,Francescuzzi,rfrancescuzzi6f@washington.edu,Female,224.38.85.58
233,Burnaby,Schurig,bschurig6g@privacy.gov.au,Male,194.255.224.157
234,Maynard,Rupprecht,mrupprecht6h@naver.com,Male,0.183.194.147
235,Aharon,Shanks,ashanks6i@nasa.gov,Male,92.138.244.30
236,Orran,Cuddehy,ocuddehy6j@home.pl,Male,135.218.13.205
237,Bax,Senchenko,bsenchenko6k@si.edu,Male,164.142.223.34
238,Zacherie,Garrat,zgarrat6l@lulu.com,Male,137.158.188.205
239,Elwyn,Bloys,ebloys6m@merriam-webster.com,Male,156.103.161.171
240,Harley,Bernardelli,hbernardelli6n@surveymonkey.com,Male,123.249.137.16
241,Dulsea,Rubbens,drubbens6o@cpanel.net,Female,247.205.29.172
242,Adoree,Duro,aduro6p@jimdo.com,Female,196.17.214.169
243,Alister,Welling,awelling6q@shinystat.com,Male,153.98.112.94
244,Merrie,Wroughton,mwroughton6r@canalblog.com,Female,49.71.223.34
245,Linet,Rennix,lrennix6s@unesco.org,Female,129.11.174.186
246,Stanislaus,Hebblethwaite,shebblethwaite6t@cbslocal.com,Male,138.59.108.38
247,Carline,Boyton,cboyton6u@drupal.org,Female,153.39.76.140
248,Falito,Lawlor,flawlor6v@cyberchimps.com,Male,128.28.250.229
249,Loren,Hamel,lhamel6w@tripadvisor.com,Male,123.202.16.111
250,Alec,Kellington,akellington6x@china.com.cn,Male,231.98.59.238
251,Ginni,Floyde,gfloyde6y@geocities.jp,Female,42.245.161.13
252,Godfrey,Scrowby,gscrowby6z@nih.gov,Male,107.10.14.118
253,Leo,Domm,ldomm70@devhub.com,Male,221.200.118.162
254,Clair,Pegg,cpegg71@unblog.fr,Male,57.122.20.95
255,Ev,Slaney,eslaney72@icio.us,Male,169.137.87.69
256,Elisabetta,Bollen,ebollen73@hud.gov,Female,102.219.251.119
257,Blondy,Dursley,bdursley74@theglobeandmail.com,Female,216.127.154.252
258,Jemmy,Flanders,jflanders75@eepurl.com,Female,82.138.85.123
259,Waldon,Pierucci,wpierucci76@webnode.com,Male,247.132.251.236
260,Otto,Bowcock,obowcock77@adobe.com,Male,135.218.254.94
261,Annabell,Mindenhall,amindenhall78@vinaora.com,Female,255.234.40.27
262,Donny,Van Der Weedenburg,dvanderweedenburg79@ca.gov,Male,84.241.166.138
263,Ethelyn,Admans,eadmans7a@biglobe.ne.jp,Female,85.145.146.230
264,Kali,Fielders,kfielders7b@g.co,Female,54.183.77.104
265,Ode,Job,ojob7c@cisco.com,Male,219.13.143.204
266,Ethelind,Bending,ebending7d@spiegel.de,Female,199.112.141.224
267,Darice,Prujean,dprujean7e@mapquest.com,Female,91.2.42.134
268,Nick,Crayker,ncrayker7f@si.edu,Male,187.218.89.162
269,Rafaelia,Martin,rmartin7g@about.com,Female,19.72.2.43
270,Lanie,Janisson,ljanisson7h@sitemeter.com,Female,158.36.214.26
271,Eliza,Tivnan,etivnan7i@dedecms.com,Female,206.73.41.4
272,Arman,Bedward,abedward7j@cpanel.net,Male,10.167.132.211
273,Leighton,Iredell,liredell7k@meetup.com,Male,29.239.132.215
274,Stephen,Filmer,sfilmer7l@sphinn.com,Male,114.192.154.92
275,Sly,Winspar,swinspar7m@godaddy.com,Male,83.114.37.98
276,Marley,Davidavidovics,mdavidavidovics7n@yellowpages.com,Female,13.3.33.129
277,Betti,Peinton,bpeinton7o@nymag.com,Female,193.37.183.2
278,Ginelle,Tomik,gtomik7p@wunderground.com,Female,58.31.66.78
279,Bartlet,Chaffer,bchaffer7q@tmall.com,Male,18.248.16.151
280,Anatola,Badland,abadland7r@istockphoto.com,Female,114.37.112.49
281,Cherish,Coldbath,ccoldbath7s@wikimedia.org,Female,102.242.167.178
282,Kipper,Hewins,khewins7t@moonfruit.com,Male,18.50.69.178
283,Binnie,McLenaghan,bmclenaghan7u@google.fr,Female,193.79.85.67
284,Larissa,Cruwys,lcruwys7v@wikimedia.org,Female,250.165.74.28
285,Shaylyn,Mungane,smungane7w@baidu.com,Female,162.215.163.163
286,Fabien,Fawlkes,ffawlkes7x@dell.com,Male,122.246.252.55
287,Eben,Sarath,esarath7y@gravatar.com,Male,173.255.85.10
288,Charla,Keir,ckeir7z@dailymail.co.uk,Female,233.161.27.118
289,Boris,Matuszinski,bmatuszinski80@woothemes.com,Male,125.111.1.80
290,Rabbi,Extall,rextall81@si.edu,Male,131.56.218.197
291,Kean,Endley,kendley82@blogspot.com,Male,19.181.116.108
292,Tammie,Rous,trous83@yahoo.com,Female,132.228.247.187
293,Nataline,Rudgerd,nrudgerd84@state.tx.us,Female,172.130.131.134
294,Giralda,Yesenev,gyesenev85@amazon.co.jp,Female,217.199.146.121
295,Willie,Mordan,wmordan86@tripadvisor.com,Male,112.163.207.196
296,Hattie,Turneux,hturneux87@businessweek.com,Female,141.107.101.183
297,Tori,Jirasek,tjirasek88@simplemachines.org,Female,197.194.245.103
298,Huntlee,Blann,hblann89@fotki.com,Male,42.193.25.64
299,Jacquetta,Bushe,jbushe8a@last.fm,Female,162.252.44.110
300,Pierre,Hand,phand8b@rakuten.co.jp,Male,183.125.49.172
301,Augusta,Dimitriou,adimitriou8c@infoseek.co.jp,Female,99.120.17.141
302,Syman,Mityushin,smityushin8d@patch.com,Male,208.199.224.90
303,Shandra,McElvogue,smcelvogue8e@geocities.com,Female,210.87.61.128
304,Gavrielle,Verne,gverne8f@uol.com.br,Female,2.62.16.91
305,Errol,Pygott,epygott8g@squarespace.com,Male,128.15.61.43
306,Ardis,Redmain,aredmain8h@samsung.com,Female,124.192.73.18
307,Giavani,Solman,gsolman8i@photobucket.com,Male,63.191.181.239
308,Maury,Le Sieur,mlesieur8j@facebook.com,Male,23.18.45.228
309,Shanon,Warman,swarman8k@jiathis.com,Female,121.198.243.8
310,Andree,Gyse,agyse8l@behance.net,Female,67.242.53.175
311,Lisette,Brotherhood,lbrotherhood8m@usda.gov,Female,189.72.185.102
312,Dahlia,Muldoon,dmuldoon8n@csmonitor.com,Female,214.25.46.41
313,Patrick,Paoletti,ppaoletti8o@dropbox.com,Male,205.142.131.153
314,Ezequiel,Tomsa,etomsa8p@desdev.cn,Male,49.247.254.28
315,Filmore,Igonet,figonet8q@creativecommons.org,Male,126.187.253.85
316,Mallory,Duck,mduck8r@t-online.de,Male,109.16.209.1
317,Genevra,Fernan,gfernan8s@techcrunch.com,Female,39.226.180.157
318,Dougy,Gibling,dgibling8t@columbia.edu,Male,4.26.42.26
319,Ring,Kobel,rkobel8u@globo.com,Male,79.245.55.188
320,Teri,Buckam,tbuckam8v@tripadvisor.com,Female,59.120.164.166
321,Brunhilde,Cammomile,bcammomile8w@gnu.org,Female,97.132.88.131
322,Hendrick,Margram,hmargram8x@ca.gov,Male,123.40.38.56
323,Lorna,Volcker,lvolcker8y@hubpages.com,Female,221.4.92.80
324,Dori,Shuker,dshuker8z@booking.com,Female,20.87.196.170
325,Julio,De Castri,jdecastri90@cnn.com,Male,230.154.216.105
326,Kaycee,Liptrot,kliptrot91@nyu.edu,Female,56.154.150.233
327,Selinda,Hewertson,shewertson92@prweb.com,Female,244.77.14.139
328,Bev,Cressingham,bcressingham93@a8.net,Male,85.83.13.15
329,Lexine,Reignolds,lreignolds94@discuz.net,Female,180.28.133.212
330,Kira,Somerscales,ksomerscales95@cdc.gov,Female,215.65.153.160
331,Delinda,Marages,dmarages96@de.vu,Female,19.235.137.112
332,Rahal,Paquet,rpaquet97@google.co.jp,Female,172.225.175.228
333,Nicola,Jubb,njubb98@amazon.com,Male,119.102.184.166
334,Kippie,Bluschke,kbluschke99@squidoo.com,Male,140.157.118.238
335,Derrek,Bruyet,dbruyet9a@amazon.co.uk,Male,178.166.11.10
336,Hadria,Pick,hpick9b@about.me,Female,71.155.240.54
337,Serge,Hallstone,shallstone9c@jalbum.net,Male,115.203.204.142
338,Alistair,Brotherton,abrotherton9d@list-manage.com,Male,216.143.179.224
339,Tommie,Davidovic,tdavidovic9e@nps.gov,Female,165.141.81.178
340,Johnna,Babonau,jbabonau9f@marketwatch.com,Female,117.216.157.240
341,Elga,Balcon,ebalcon9g@barnesandnoble.com,Female,93.11.48.90
342,Jonah,Aitkenhead,jaitkenhead9h@ucsd.edu,Male,204.44.183.70
343,Brigitte,Rubel,brubel9i@canalblog.com,Female,174.60.29.243
344,Llywellyn,Spleving,lspleving9j@reverbnation.com,Male,110.208.101.176
345,Byron,Seyfart,bseyfart9k@naver.com,Male,57.204.185.221
346,Sheri,Mullins,smullins9l@instagram.com,Female,141.103.47.105
347,Westleigh,Corish,wcorish9m@t-online.de,Male,59.83.13.48
348,Kaine,Gaisford,kgaisford9n@addtoany.com,Male,125.54.137.219
349,Sibelle,Mawditt,smawditt9o@noaa.gov,Female,227.79.5.223
350,Harper,Satch,hsatch9p@vimeo.com,Male,151.99.174.73
351,Nancey,Magnus,nmagnus9q@goo.ne.jp,Female,146.78.56.105
352,Lion,Baudinot,lbaudinot9r@vimeo.com,Male,39.23.165.97
353,Mattie,Megroff,mmegroff9s@yale.edu,Male,237.94.245.183
354,Reeta,Syred,rsyred9t@nytimes.com,Female,131.254.54.168
355,Maggee,Emmerson,memmerson9u@cafepress.com,Female,211.7.121.214
356,Emile,Riddiough,eriddiough9v@umn.edu,Male,67.183.15.51
357,Darcy,Waple,dwaple9w@google.pl,Male,148.62.129.123
358,Zacharie,Sabbatier,zsabbatier9x@histats.com,Male,157.189.196.208
359,Wolfie,Setford,wsetford9y@fema.gov,Male,41.70.50.239
360,Stillmann,Alessandone,salessandone9z@lycos.com,Male,143.70.166.86
361,Livia,Schermick,lschermicka0@cloudflare.com,Female,160.5.23.12
362,Jeannie,Trenaman,jtrenamana1@csmonitor.com,Female,72.133.245.114
363,Matilda,Stienham,mstienhama2@goodreads.com,Female,158.56.140.103
364,Stanislas,Linguard,slinguarda3@ebay.co.uk,Male,183.82.215.244
365,Lilllie,Greendale,lgreendalea4@scribd.com,Female,151.84.184.19
366,Juanita,Thon,jthona5@engadget.com,Female,14.48.237.23
367,Raf,Gheorghie,rgheorghiea6@histats.com,Female,71.0.114.6
368,Lucien,Segar,lsegara7@who.int,Male,20.168.2.164
369,Maybelle,Witul,mwitula8@geocities.com,Female,214.87.22.152
370,Donn,Palffy,dpalffya9@bloglines.com,Male,110.212.219.32
371,Wallace,Treasaden,wtreasadenaa@si.edu,Male,7.25.214.50
372,Garrick,Teck,gteckab@deviantart.com,Male,10.202.91.6
373,Sherwin,Radeliffe,sradeliffeac@mac.com,Male,3.55.8.187
374,Goober,Anscombe,ganscombead@mapy.cz,Male,124.206.137.131
375,Cathryn,Putnam,cputnamae@ask.com,Female,211.1.189.69
376,Cayla,Kemmons,ckemmonsaf@sciencedirect.com,Female,109.242.86.208
377,Brant,Houseley,bhouseleyag@nationalgeographic.com,Male,123.69.97.226
378,Sandy,Shippard,sshippardah@samsung.com,Female,194.7.204.221
379,Brandie,Plampeyn,bplampeynai@vimeo.com,Female,6.127.18.114
380,Fields,Sawkin,fsawkinaj@unesco.org,Male,112.199.218.164
381,Gerome,Tanswill,gtanswillak@ning.com,Male,96.168.105.131
382,Douglas,Goslin,dgoslinal@exblog.jp,Male,176.54.167.21
383,Johanna,Russi,jrussiam@networksolutions.com,Female,111.231.2.158
384,Viviana,Prangley,vprangleyan@ucla.edu,Female,183.168.59.117
385,Rich,Selvester,rselvesterao@bluehost.com,Male,8.221.111.118
386,Mandi,Bolderoe,mbolderoeap@samsung.com,Female,45.59.10.135
387,Jeanelle,Hamill,jhamillaq@boston.com,Female,172.205.144.165
388,Isaac,Abys,iabysar@google.ru,Male,66.46.234.209
389,Dayna,Abyss,dabyssas@1688.com,Female,38.227.0.159
390,Dee dee,Pendell,dpendellat@vk.com,Female,92.52.36.207
391,Rowland,Hallett,rhallettau@tmall.com,Male,88.60.229.132
392,Bone,Scourgie,bscourgieav@statcounter.com,Male,221.235.92.145
393,Marcela,Behninck,mbehninckaw@ebay.com,Female,184.79.92.91
394,Lucilia,Bassick,lbassickax@imdb.com,Female,9.78.230.116
395,Tulley,Palfreman,tpalfremanay@jiathis.com,Male,58.29.224.186
396,Aylmer,Antoons,aantoonsaz@drupal.org,Male,203.62.135.196
397,Carley,Kerins,ckerinsb0@si.edu,Female,44.177.77.103
398,Shanna,Camblin,scamblinb1@auda.org.au,Female,8.6.176.89
399,Tony,Tock,ttockb2@thetimes.co.uk,Female,213.239.70.15
400,Debbi,Poulter,dpoulterb3@chronoengine.com,Female,140.46.112.71
401,Lynne,Blonden,lblondenb4@merriam-webster.com,Female,173.62.133.104
402,Beryl,Attenbrow,battenbrowb5@posterous.com,Female,12.69.74.126
403,Dayle,Brabyn,dbrabynb6@cdc.gov,Female,129.88.214.110
404,Corty,Allitt,callittb7@ca.gov,Male,69.160.109.128
405,Nikkie,Lackey,nlackeyb8@nih.gov,Female,70.205.20.33
406,Cris,MacAnulty,cmacanultyb9@latimes.com,Female,125.31.49.20
407,Joseito,Gounod,jgounodba@answers.com,Male,216.154.136.21
408,Elroy,Mollin,emollinbb@gov.uk,Male,255.213.70.174
409,Diann,Waker,dwakerbc@tripadvisor.com,Female,138.169.226.36
410,Mehetabel,Evins,mevinsbd@cpanel.net,Female,251.107.137.233
411,Jacquelyn,Ricards,jricardsbe@skype.com,Female,246.231.43.187
412,Enrichetta,Enderson,eendersonbf@china.com.cn,Female,132.208.102.161
413,Rory,Banner,rbannerbg@about.me,Male,245.29.31.196
414,Janenna,Kinghorn,jkinghornbh@ftc.gov,Female,9.38.129.171
415,Joan,Bigham,jbighambi@marketwatch.com,Female,245.173.188.72
416,Rem,Congreve,rcongrevebj@ustream.tv,Male,152.138.159.10
417,Lorilyn,Brockett,lbrockettbk@amazon.de,Female,124.26.120.224
418,Arden,Goodsal,agoodsalbl@psu.edu,Female,85.35.150.212
419,Merrick,Whittet,mwhittetbm@barnesandnoble.com,Male,176.201.200.198
420,Alex,Tate,atatebn@youtube.com,Female,216.44.2.52
421,Melvyn,Freak,mfreakbo@dell.com,Male,247.17.142.195
422,Giacobo,Lynds,glyndsbp@yahoo.com,Male,69.141.60.35
423,Antony,Voisey,avoiseybq@lulu.com,Male,210.3.51.242
424,Meriel,Baldock,mbaldockbr@ovh.net,Female,80.82.175.226
425,Gizela,Drewes,gdrewesbs@hatena.ne.jp,Female,46.67.110.234
426,Brigitta,Van der Kruis,bvanderkruisbt@businesswire.com,Female,78.161.209.205
427,Markos,Adamson,madamsonbu@stumbleupon.com,Male,21.214.120.254
428,Danella,Leyland,dleylandbv@microsoft.com,Female,37.83.102.159
429,Reggie,Yitshak,ryitshakbw@addtoany.com,Male,26.226.223.126
430,Christoper,Wathall,cwathallbx@drupal.org,Male,189.39.156.86
431,Cass,Apthorpe,capthorpeby@nih.gov,Female,244.7.41.180
432,Ana,Goreway,agorewaybz@bbc.co.uk,Female,83.144.89.181
433,James,Radley,jradleyc0@marriott.com,Male,120.9.217.97
434,Toiboid,Cordall,tcordallc1@google.ru,Male,39.26.31.90
435,Wyatt,Porcher,wporcherc2@amazon.com,Male,178.19.55.59
436,Vivianne,Narey,vnareyc3@buzzfeed.com,Female,82.143.0.118
437,Erik,Laverock,elaverockc4@de.vu,Male,100.192.55.140
438,Tressa,Piggins,tpigginsc5@abc.net.au,Female,49.81.121.255
439,Pattie,Winchurch,pwinchurchc6@cocolog-nifty.com,Male,246.168.164.222
440,Dara,Doull,ddoullc7@cdc.gov,Female,242.75.147.216
441,Ciel,Girardi,cgirardic8@usnews.com,Female,0.208.84.95
442,Hussein,Knightly,hknightlyc9@mediafire.com,Male,180.242.164.59
443,Arlen,Strivens,astrivensca@wordpress.org,Male,58.251.184.95
444,Olivier,Jeannard,ojeannardcb@vimeo.com,Male,198.164.51.128
445,Gran,Leversha,glevershacc@cpanel.net,Male,241.208.23.211
446,Zacherie,Duckitt,zduckittcd@cnn.com,Male,243.92.176.81
447,Matthew,Deppen,mdeppence@livejournal.com,Male,193.3.146.126
448,Bancroft,Josilowski,bjosilowskicf@wsj.com,Male,233.59.242.243
449,Kelly,Eathorne,keathornecg@irs.gov,Female,109.242.164.68
450,Pooh,Bangham,pbanghamch@goo.ne.jp,Male,67.214.198.5
451,Rachelle,Morando,rmorandoci@buzzfeed.com,Female,3.45.205.203
452,Rakel,Mouser,rmousercj@nps.gov,Female,143.21.238.186
453,Tiffy,Estrella,testrellack@sourceforge.net,Female,170.39.20.232
454,Burnard,MacVay,bmacvaycl@ted.com,Male,162.172.130.218
455,Julianne,Hoyland,jhoylandcm@cam.ac.uk,Female,111.220.56.206
456,Ninette,Deane,ndeanecn@opera.com,Female,183.49.135.248
457,Esmaria,Reynard,ereynardco@unicef.org,Female,102.55.145.106
458,Beale,Tschursch,btschurschcp@state.gov,Male,176.78.211.168
459,Waly,Melvin,wmelvincq@about.me,Female,247.40.2.245
460,Sean,Botwood,sbotwoodcr@engadget.com,Male,15.43.73.160
461,Jenifer,Thorneywork,jthorneyworkcs@arizona.edu,Female,44.244.240.123
462,Courtney,Kunrad,ckunradct@elegantthemes.com,Female,105.110.22.69
463,Lyndsay,Sehorsch,lsehorschcu@google.co.uk,Female,209.39.1.183
464,Annamarie,McAlinion,amcalinioncv@ifeng.com,Female,217.221.78.10
465,Jodi,Rhoddie,jrhoddiecw@baidu.com,Male,238.249.163.141
466,Perle,Ceeley,pceeleycx@jimdo.com,Female,192.92.13.98
467,Adolphus,Bonnet,abonnetcy@mozilla.org,Male,59.1.112.66
468,Gertrude,Van Arsdale,gvanarsdalecz@oracle.com,Female,49.102.12.52
469,Star,Swynley,sswynleyd0@miitbeian.gov.cn,Female,130.190.98.204
470,Tina,Carncross,tcarncrossd1@bloomberg.com,Female,247.23.9.148
471,Julee,Klambt,jklambtd2@dailymail.co.uk,Female,235.188.43.30
472,Ruby,Ellse,rellsed3@devhub.com,Female,223.207.69.115
473,Irena,Nequest,inequestd4@nih.gov,Female,185.215.166.70
474,Elysha,Stuchbery,estuchberyd5@github.com,Female,219.142.38.255
475,Wain,Lane,wlaned6@nature.com,Male,200.117.155.38
476,Jenilee,Hele,jheled7@netlog.com,Female,128.149.81.109
477,Gunilla,Broggelli,gbroggellid8@jigsy.com,Female,231.84.184.63
478,Cassandra,Kensley,ckensleyd9@csmonitor.com,Female,164.241.209.111
479,Cordula,Howatt,chowattda@wordpress.org,Female,158.185.111.239
480,Biron,Hepher,bhepherdb@skype.com,Male,233.186.209.184
481,Coralyn,Allen,callendc@mayoclinic.com,Female,166.36.52.233
482,Ingmar,Gilby,igilbydd@pcworld.com,Male,70.114.44.251
483,Page,McCafferky,pmccafferkyde@last.fm,Male,226.63.107.183
484,Ximenez,Wingrove,xwingrovedf@google.de,Male,37.233.155.243
485,Lurette,Tytcomb,ltytcombdg@feedburner.com,Female,225.90.193.14
486,Dennison,Daniels,ddanielsdh@techcrunch.com,Male,217.183.21.182
487,Jone,Yurocjkin,jyurocjkindi@rambler.ru,Male,246.216.232.252
488,Martynne,di Rocca,mdiroccadj@wordpress.org,Female,16.206.66.0
489,Amelina,Cressy,acressydk@bravesites.com,Female,151.114.146.133
490,Danica,Gors,dgorsdl@sourceforge.net,Female,68.220.101.89
491,Holmes,Pheasant,hpheasantdm@flavors.me,Male,162.138.43.214
492,Agustin,Klimko,aklimkodn@tmall.com,Male,53.18.208.64
493,Piotr,Cristofanini,pcristofaninido@sogou.com,Male,93.224.250.243
494,Erv,Mazzeo,emazzeodp@elegantthemes.com,Male,81.119.142.228
495,Pat,Gaskoin,pgaskoindq@msu.edu,Male,72.28.207.152
496,Shelley,Dincey,sdinceydr@godaddy.com,Male,127.161.189.34
497,Valencia,Neal,vnealds@intel.com,Female,23.47.89.85
498,Stavros,Kerwin,skerwindt@sourceforge.net,Male,234.105.190.86
499,Bastian,de Pinna,bdepinnadu@soundcloud.com,Male,60.255.251.60
500,Nealson,Willarton,nwillartondv@wikia.com,Male,48.57.134.46
501,Lynna,Guterson,lgutersondw@people.com.cn,Female,23.198.175.28
502,Mercy,Fishbie,mfishbiedx@hhs.gov,Female,200.231.215.111
503,Perren,Seagrave,pseagravedy@facebook.com,Male,28.223.177.216
504,Lorena,Curman,lcurmandz@reverbnation.com,Female,137.87.1.209
505,Deerdre,McHarry,dmcharrye0@deliciousdays.com,Female,4.11.224.30
506,Berte,Laskey,blaskeye1@theatlantic.com,Female,74.96.106.229
507,Griffy,Heeks,gheekse2@linkedin.com,Male,127.83.8.224
508,Blanca,Pinches,bpinchese3@addthis.com,Female,215.152.72.42
509,Marcelline,Lardeur,mlardeure4@ibm.com,Female,196.120.84.144
510,Zabrina,Barrows,zbarrowse5@hp.com,Female,143.92.81.195
511,Christalle,Morter,cmortere6@loc.gov,Female,220.170.251.245
512,Donielle,Gentner,dgentnere7@prlog.org,Female,198.91.50.48
513,Law,Pickburn,lpickburne8@usgs.gov,Male,136.207.150.122
514,Annalise,Freshwater,afreshwatere9@zimbio.com,Female,59.90.223.99
515,Quincy,Hernik,qhernikea@ft.com,Male,17.71.18.190
516,Mike,Zammitt,mzammitteb@xinhuanet.com,Male,73.34.248.161
517,Joli,Debold,jdeboldec@sogou.com,Female,177.250.180.19
518,Merrili,Curness,mcurnessed@naver.com,Female,108.225.68.227
519,Stanley,Weavill,sweavillee@nih.gov,Male,28.176.169.142
520,Cullen,Jerson,cjersonef@shareasale.com,Male,181.161.248.251
521,Wilmette,Cloonan,wcloonaneg@goo.ne.jp,Female,6.186.136.189
522,Jacinda,Tezure,jtezureeh@about.com,Female,71.39.44.253
523,Tate,Cheers,tcheersei@shop-pro.jp,Male,180.49.204.196
524,Zoe,Raraty,zraratyej@360.cn,Female,245.94.118.142
525,Lennard,Latimer,llatimerek@squidoo.com,Male,203.125.190.180
526,Clayborne,Yong,cyongel@ft.com,Male,113.116.192.245
527,Baxy,Mirams,bmiramsem@upenn.edu,Male,64.49.226.84
528,Ede,Stuffins,estuffinsen@cam.ac.uk,Female,27.11.56.103
529,Gamaliel,Ilyenko,gilyenkoeo@unblog.fr,Male,147.125.46.52
530,Cathrine,Limon,climonep@uiuc.edu,Female,73.174.71.164
531,Manfred,Oslar,moslareq@squidoo.com,Male,215.248.107.104
532,Neila,Thornbarrow,nthornbarrower@noaa.gov,Female,133.37.220.95
533,Dacey,Kittel,dkitteles@stanford.edu,Female,49.223.197.26
534,Consalve,Rickards,crickardset@topsy.com,Male,244.120.206.85
535,Torrie,Elwin,telwineu@google.co.uk,Female,151.222.127.50
536,Tish,Skeat,tskeatev@paginegialle.it,Female,234.106.214.25
537,Dannie,Cluatt,dcluattew@twitpic.com,Female,191.195.63.127
538,Ginger,Loddy,gloddyex@nifty.com,Female,87.21.44.154
539,Jude,Mogenot,jmogenotey@miibeian.gov.cn,Male,39.8.106.0
540,Olympia,Humpage,ohumpageez@cornell.edu,Female,140.169.34.152
541,Nico,Micheau,nmicheauf0@liveinternet.ru,Male,250.19.19.208
542,Tommy,Hegg,theggf1@yolasite.com,Male,91.1.151.91
543,Donica,Twiggs,dtwiggsf2@tiny.cc,Female,70.50.36.118
544,Trisha,Eltringham,teltringhamf3@163.com,Female,117.103.13.212
545,Whit,Cawt,wcawtf4@bbc.co.uk,Male,17.5.252.2
546,Skipper,Robjohns,srobjohnsf5@intel.com,Male,88.72.174.152
547,Marlena,Klesel,mkleself6@hatena.ne.jp,Female,4.152.72.51
548,Brandais,Gernier,bgernierf7@linkedin.com,Female,170.224.11.180
549,Erie,Dafforne,edaffornef8@disqus.com,Male,251.181.111.122
550,Norris,Agett,nagettf9@google.fr,Male,44.156.170.90
551,Fred,Airth,fairthfa@flickr.com,Male,12.255.242.29
552,Eleanora,Dorow,edorowfb@discovery.com,Female,121.118.244.153
553,Andris,Mandres,amandresfc@stanford.edu,Male,186.126.180.172
554,Kirsten,Bendare,kbendarefd@sphinn.com,Female,223.140.33.98
555,Raymond,Loughead,rlougheadfe@vk.com,Male,61.140.157.223
556,Raimundo,Yegoshin,ryegoshinff@csmonitor.com,Male,128.143.170.67
557,Fidelia,Brodeau,fbrodeaufg@hugedomains.com,Female,97.178.193.185
558,Caresa,Gaiger,cgaigerfh@npr.org,Female,146.154.156.155
559,Maible,Lahive,mlahivefi@dot.gov,Female,207.11.147.38
560,Matthias,Lawley,mlawleyfj@paypal.com,Male,108.80.145.199
561,Emmy,Pullman,epullmanfk@bbc.co.uk,Female,39.127.83.66
562,Myer,Blakes,mblakesfl@blinklist.com,Male,206.107.250.91
563,Hilario,Tipper,htipperfm@samsung.com,Male,116.131.122.176
564,Augustine,Malamore,amalamorefn@cdc.gov,Male,124.115.97.159
565,Hetti,Danett,hdanettfo@hugedomains.com,Female,133.4.234.40
566,Alyce,Rizzillo,arizzillofp@blog.com,Female,25.94.4.75
567,Julienne,Humpatch,jhumpatchfq@artisteer.com,Female,89.131.210.194
568,Lesya,Scotsbrook,lscotsbrookfr@weebly.com,Female,22.23.249.149
569,Peggie,Assel,passelfs@hugedomains.com,Female,182.74.153.204
570,Stacy,Fidelus,sfidelusft@howstuffworks.com,Male,144.213.36.215
571,Neill,Ionesco,nionescofu@miibeian.gov.cn,Male,22.161.87.49
572,Billye,Surman-Wells,bsurmanwellsfv@nba.com,Female,213.157.146.110
573,Saudra,Palatini,spalatinifw@ebay.com,Female,158.194.129.49
574,Philipa,Carr,pcarrfx@weibo.com,Female,62.253.169.28
575,Donni,Purchon,dpurchonfy@yandex.ru,Female,22.56.69.120
576,Ramon,Westmancoat,rwestmancoatfz@virginia.edu,Male,194.193.49.120
577,Dacie,Lorand,dlorandg0@dell.com,Female,63.90.95.102
578,Pepe,Janowski,pjanowskig1@blog.com,Male,174.240.122.134
579,Mirabelle,Whiskerd,mwhiskerdg2@bbb.org,Female,195.240.163.195
580,Shauna,Dansken,sdanskeng3@slate.com,Female,235.116.1.9
581,Bettine,Coleshill,bcoleshillg4@shop-pro.jp,Female,248.90.27.108
582,Reed,Beynke,rbeynkeg5@toplist.cz,Male,46.198.104.8
583,Arlinda,Fonso,afonsog6@istockphoto.com,Female,197.40.235.222
584,Britta,Hayden,bhaydeng7@usa.gov,Female,106.28.201.28
585,Abby,Wipper,awipperg8@fotki.com,Male,130.95.171.169
586,Pierson,Willatts,pwillattsg9@weibo.com,Male,221.207.118.204
587,Shaina,Akid,sakidga@mozilla.com,Female,30.12.72.133
588,Belita,Eddis,beddisgb@zdnet.com,Female,68.112.56.45
589,Corey,Glasner,cglasnergc@patch.com,Male,28.164.69.84
590,Bridie,De Francesco,bdefrancescogd@slideshare.net,Female,110.135.219.187
591,Colene,Cammack,ccammackge@squidoo.com,Female,19.19.126.252
592,Nichole,Lacrouts,nlacroutsgf@squarespace.com,Male,231.236.255.193
593,Alix,Brideoke,abrideokegg@nbcnews.com,Male,37.214.124.10
594,Kliment,Addekin,kaddekingh@storify.com,Male,106.171.203.141
595,Cinderella,Scarisbrick,cscarisbrickgi@sakura.ne.jp,Female,67.23.110.183
596,Babita,Walrond,bwalrondgj@ted.com,Female,204.21.29.178
597,Berny,Bon,bbongk@comcast.net,Female,22.184.180.178
598,Filbert,Clewley,fclewleygl@com.com,Male,9.148.190.1
599,Shandee,Etienne,setiennegm@imageshack.us,Female,27.199.125.219
600,Garey,Hollingsby,ghollingsbygn@privacy.gov.au,Male,235.93.48.180
601,Lettie,Gronowe,lgronowego@princeton.edu,Female,164.217.231.114
602,Deck,Dever,ddevergp@reddit.com,Male,81.227.81.161
603,Humphrey,Ashard,hashardgq@rediff.com,Male,237.59.9.255
604,Normie,Napier,nnapiergr@csmonitor.com,Male,205.70.227.190
605,Laurel,Rannald,lrannaldgs@amazon.co.jp,Female,212.226.196.237
606,Charmain,Monro,cmonrogt@multiply.com,Female,160.125.176.111
607,Charlena,Lindeboom,clindeboomgu@constantcontact.com,Female,34.155.43.146
608,Freida,Iamittii,fiamittiigv@ihg.com,Female,12.141.201.214
609,Alberik,Giacomi,agiacomigw@domainmarket.com,Male,13.89.115.13
610,Gabriel,Dorken,gdorkengx@columbia.edu,Male,25.182.191.193
611,Horst,Filyashin,hfilyashingy@hubpages.com,Male,158.170.149.169
612,Dwayne,Loach,dloachgz@edublogs.org,Male,221.34.76.9
613,Merrie,Rimour,mrimourh0@tinyurl.com,Female,190.161.95.169
614,Kimbra,Wennam,kwennamh1@globo.com,Female,196.118.37.200
615,Aarika,Illston,aillstonh2@arizona.edu,Female,30.15.222.40
616,Garwin,Tremberth,gtremberthh3@plala.or.jp,Male,223.164.90.229
617,Mersey,Filippazzo,mfilippazzoh4@ft.com,Female,41.249.217.192
618,Bartolomeo,Capun,bcapunh5@ibm.com,Male,5.201.155.46
619,Wynnie,Garrett,wgarretth6@sohu.com,Female,239.188.214.105
620,Dorthy,Galley,dgalleyh7@miitbeian.gov.cn,Female,167.140.81.0
621,Nixie,Walkling,nwalklingh8@cocolog-nifty.com,Female,116.37.63.175
622,Constantine,Thredder,cthredderh9@mit.edu,Female,41.150.182.239
623,Theadora,Aust,taustha@surveymonkey.com,Female,227.107.1.239
624,Alisa,Reavey,areaveyhb@infoseek.co.jp,Female,166.102.26.169
625,Marilyn,Di Nisco,mdiniscohc@gov.uk,Female,101.63.23.253
626,Miguelita,Foulis,mfoulishd@stumbleupon.com,Female,246.163.196.53
627,Loria,Bebb,lbebbhe@pen.io,Female,110.53.212.233
628,Nicola,Buckingham,nbuckinghamhf@yahoo.com,Male,23.17.65.128
629,Ursuline,Alexandersen,ualexandersenhg@bravesites.com,Female,237.159.239.86
630,Stearn,Menlove,smenlovehh@home.pl,Male,193.79.214.32
631,Harland,Wilfinger,hwilfingerhi@wix.com,Male,150.93.86.59
632,Valenka,Lord,vlordhj@nasa.gov,Female,85.46.211.175
633,Freeman,Coughlin,fcoughlinhk@is.gd,Male,64.211.97.123
634,Catlee,Snel,csnelhl@globo.com,Female,101.184.121.236
635,Osborne,Andries,oandrieshm@zimbio.com,Male,214.9.3.21
636,Tomaso,Willmer,twillmerhn@dropbox.com,Male,47.250.11.87
637,Nolly,Jaggar,njaggarho@qq.com,Male,199.53.83.149
638,Sim,Tuxwell,stuxwellhp@walmart.com,Male,157.112.61.5
639,Darryl,Groneway,dgronewayhq@phpbb.com,Male,196.253.82.173
640,Anabal,Verrills,averrillshr@seesaa.net,Female,243.201.94.121
641,Marlow,Jacobs,mjacobshs@taobao.com,Male,218.179.155.203
642,Ricky,Greenless,rgreenlessht@lulu.com,Female,217.94.228.77
643,Chrissie,Jansik,cjansikhu@dot.gov,Male,199.20.210.175
644,Adolpho,Stodart,astodarthv@1und1.de,Male,20.38.4.230
645,Slade,Eivers,seivershw@cafepress.com,Male,242.24.76.12
646,Brose,McKaile,bmckailehx@privacy.gov.au,Male,33.30.27.137
647,Kizzee,Murr,kmurrhy@intel.com,Female,249.121.184.161
648,Salomi,Dregan,sdreganhz@psu.edu,Female,195.64.102.184
649,Zaneta,Woolaghan,zwoolaghani0@opensource.org,Female,42.215.81.131
650,Dede,Goolding,dgooldingi1@google.ru,Female,41.48.235.100
651,Andie,Kelberman,akelbermani2@economist.com,Male,92.84.225.55
652,Dmitri,Larver,dlarveri3@nydailynews.com,Male,116.245.188.125
653,Wilmar,Fibbens,wfibbensi4@aol.com,Male,232.27.227.181
654,Murry,Loisi,mloisii5@pen.io,Male,157.35.164.202
655,Barbi,Lintall,blintalli6@posterous.com,Female,14.188.102.75
656,Muhammad,Stowte,mstowtei7@mit.edu,Male,125.114.58.61
657,Tomas,Orans,toransi8@telegraph.co.uk,Male,110.140.59.7
658,Judd,Brettoner,jbrettoneri9@shinystat.com,Male,236.202.172.128
659,Reuven,Moseley,rmoseleyia@etsy.com,Male,96.202.9.15
660,Israel,Durston,idurstonib@unc.edu,Male,177.37.121.134
661,Shellysheldon,Balma,sbalmaic@salon.com,Male,80.95.74.25
662,Terese,Heims,theimsid@washington.edu,Female,161.117.150.109
663,Neilla,Straw,nstrawie@hhs.gov,Female,191.57.2.111
664,Brander,Plank,bplankif@earthlink.net,Male,210.27.142.139
665,Laurence,Robens,lrobensig@gov.uk,Male,21.110.205.202
666,Mareah,Hebard,mhebardih@friendfeed.com,Female,126.85.255.186
667,Alvin,Greeves,agreevesii@usgs.gov,Male,146.228.242.167
668,Had,Matteoni,hmatteoniij@geocities.jp,Male,182.166.134.161
669,Robyn,Hakking,rhakkingik@odnoklassniki.ru,Female,151.70.162.185
670,Lutero,Ruddlesden,lruddlesdenil@about.me,Male,63.101.154.145
671,Dionisio,Youster,dyousterim@lycos.com,Male,29.149.124.109
672,Dionis,Swann,dswannin@ucoz.ru,Female,218.231.248.62
673,Clay,Vakhrushev,cvakhrushevio@blinklist.com,Male,192.244.27.137
674,Petunia,Strewther,pstrewtherip@printfriendly.com,Female,12.127.221.71
675,Yurik,Geldeard,ygeldeardiq@rediff.com,Male,40.156.135.54
676,Paxton,Mathewson,pmathewsonir@barnesandnoble.com,Male,178.69.52.235
677,Gregory,McArdell,gmcardellis@miibeian.gov.cn,Male,238.169.194.69
678,Berny,Quarlis,bquarlisit@state.gov,Male,89.126.190.56
679,Donovan,McFayden,dmcfaydeniu@shutterfly.com,Male,199.137.227.245
680,Baird,Bannard,bbannardiv@clickbank.net,Male,230.255.251.68
681,Pasquale,Ference,pferenceiw@ted.com,Male,244.90.8.14
682,Natty,Bollands,nbollandsix@google.co.uk,Male,54.170.244.222
683,Zara,Massel,zmasseliy@flavors.me,Female,69.197.66.42
684,Shayne,Antonchik,santonchikiz@scribd.com,Female,28.169.215.189
685,Klarrisa,Duck,kduckj0@blogtalkradio.com,Female,109.190.125.210
686,Kissie,Stilgo,kstilgoj1@usnews.com,Female,135.47.100.161
687,Birdie,Shervil,bshervilj2@gnu.org,Female,179.192.167.201
688,Cherianne,Newey,cneweyj3@virginia.edu,Female,182.205.214.91
689,Gustie,Abbado,gabbadoj4@oakley.com,Female,60.170.88.73
690,Giraldo,Gally,ggallyj5@washingtonpost.com,Male,106.172.113.211
691,Bobby,Choffin,bchoffinj6@senate.gov,Male,114.193.91.255
692,Nollie,Jikovsky,njikovskyj7@gmpg.org,Female,194.34.108.3
693,Anton,Canto,acantoj8@reference.com,Male,169.34.71.30
694,Corabelle,Rase,crasej9@indiatimes.com,Female,114.73.124.83
695,Colver,Kupke,ckupkeja@goo.gl,Male,69.48.173.84
696,Benedetto,Taylour,btaylourjb@paginegialle.it,Male,5.186.24.205
697,Thatch,Jonk,tjonkjc@skyrock.com,Male,252.124.210.228
698,Adolph,Balfre,abalfrejd@hibu.com,Male,166.99.11.136
699,Cordy,Filshin,cfilshinje@china.com.cn,Male,234.119.59.211
700,Kally,Tettersell,ktetterselljf@twitter.com,Female,251.40.17.46
701,Lyn,Crossgrove,lcrossgrovejg@unesco.org,Male,190.27.84.100
702,Rowen,Stubley,rstubleyjh@networkadvertising.org,Male,212.189.79.226
703,Flin,Bernardoni,fbernardoniji@npr.org,Male,0.231.141.157
704,Ronnie,Kelwaybamber,rkelwaybamberjj@hatena.ne.jp,Male,108.123.168.232
705,Lucky,Ridpath,lridpathjk@nifty.com,Female,105.224.204.216
706,Goraud,Winfindale,gwinfindalejl@wufoo.com,Male,119.173.42.12
707,Lynne,Dongles,ldonglesjm@skyrock.com,Female,152.65.90.215
708,Alana,Kinde,akindejn@boston.com,Female,85.70.117.170
709,Munroe,MacGragh,mmacgraghjo@stumbleupon.com,Male,211.150.53.149
710,Richy,Coate,rcoatejp@wikispaces.com,Male,170.204.251.12
711,Diahann,Gaiter,dgaiterjq@auda.org.au,Female,79.7.244.59
712,Daryle,Antonetti,dantonettijr@ameblo.jp,Male,106.248.14.235
713,Granny,Delong,gdelongjs@merriam-webster.com,Male,55.34.194.183
714,Miller,Detoile,mdetoilejt@tamu.edu,Male,35.169.154.229
715,Georgie,Nibloe,gnibloeju@nationalgeographic.com,Female,12.162.210.223
716,Evita,Brozek,ebrozekjv@sciencedirect.com,Female,12.178.44.146
717,Eleni,Spinola,espinolajw@fc2.com,Female,143.72.178.190
718,Reynard,Jakeway,rjakewayjx@eepurl.com,Male,86.109.126.105
719,Aveline,Rivers,ariversjy@biblegateway.com,Female,3.215.102.67
720,Winonah,Drewett,wdrewettjz@simplemachines.org,Female,193.133.178.247
721,Ambur,Paterson,apatersonk0@netvibes.com,Female,185.236.77.107
722,Lawton,Grinnell,lgrinnellk1@t.co,Male,5.121.162.35
723,Aime,Reihill,areihillk2@oakley.com,Female,12.55.201.120
724,Wilow,Denisyev,wdenisyevk3@bravesites.com,Female,145.68.115.158
725,Arleen,De-Ville,adevillek4@ycombinator.com,Female,61.245.106.138
726,Sile,Reaman,sreamank5@ovh.net,Female,186.235.211.152
727,Jaquith,Overnell,jovernellk6@gravatar.com,Female,47.103.63.56
728,Mal,Castrillo,mcastrillok7@linkedin.com,Male,66.176.186.211
729,Alasdair,Lukock,alukockk8@imdb.com,Male,121.115.40.130
730,Fidelity,Hessenthaler,fhessenthalerk9@bloglines.com,Female,175.84.123.217
731,Kelila,Chazotte,kchazotteka@flickr.com,Female,187.39.183.67
732,Kaia,Billo,kbillokb@yellowbook.com,Female,155.13.71.34
733,Eryn,Dunk,edunkkc@jimdo.com,Female,228.109.136.235
734,Antonetta,Beckensall,abeckensallkd@biblegateway.com,Female,171.142.127.175
735,Levon,Le Breton,llebretonke@mtv.com,Male,183.251.66.78
736,Merrily,Passe,mpassekf@theguardian.com,Female,169.40.70.195
737,Antonetta,Tearle,atearlekg@slate.com,Female,107.50.248.188
738,Nettle,Bryers,nbryerskh@github.io,Female,105.237.234.179
739,Ketti,Decreuze,kdecreuzeki@desdev.cn,Female,61.145.71.6
740,Jacob,Godfery,jgodferykj@ifeng.com,Male,2.133.235.143
741,Cara,Ingry,cingrykk@yahoo.co.jp,Female,237.139.201.45
742,Che,Hennington,chenningtonkl@printfriendly.com,Male,202.22.217.37
743,Gannon,Coleby,gcolebykm@paypal.com,Male,40.169.200.105
744,Crissie,Zaniolo,czaniolokn@yolasite.com,Female,193.106.129.145
745,Merrielle,Maffey,mmaffeyko@independent.co.uk,Female,133.142.147.133
746,Blake,Cobbing,bcobbingkp@xinhuanet.com,Female,52.221.89.242
747,Gwen,Arp,garpkq@google.com.hk,Female,41.235.103.116
748,Greta,Kos,gkoskr@ustream.tv,Female,140.209.187.79
749,Mattheus,Durrell,mdurrellks@cornell.edu,Male,84.21.39.182
750,Tye,Srutton,tsruttonkt@example.com,Male,50.251.124.39
751,Irina,Scraney,iscraneyku@technorati.com,Female,125.128.127.108
752,Welbie,Breslane,wbreslanekv@boston.com,Male,115.101.54.18
753,Janelle,Yurocjhin,jyurocjhinkw@about.me,Female,82.67.250.255
754,Rhys,Fasey,rfaseykx@ning.com,Male,13.114.5.133
755,Zonnya,Kleeman,zkleemanky@wikipedia.org,Female,197.194.186.13
756,Kori,Renwick,krenwickkz@theatlantic.com,Female,0.146.160.77
757,Hilly,Huson,hhusonl0@businessinsider.com,Male,34.152.153.85
758,Idette,Rapkins,irapkinsl1@businesswire.com,Female,189.80.25.239
759,Arel,Darracott,adarracottl2@liveinternet.ru,Male,250.160.172.194
760,Yettie,Loache,yloachel3@engadget.com,Female,13.23.11.98
761,Elsworth,Brasner,ebrasnerl4@amazonaws.com,Male,83.110.172.103
762,Elie,Hunnybun,ehunnybunl5@odnoklassniki.ru,Female,21.135.238.67
763,Berton,Allardyce,ballardycel6@360.cn,Male,244.200.103.2
764,Raven,Yeowell,ryeowelll7@bloomberg.com,Female,54.107.148.13
765,Ximenes,Elsegood,xelsegoodl8@free.fr,Male,84.253.244.135
766,Maurizio,Fraczak,mfraczakl9@ebay.co.uk,Male,244.245.88.68
767,Dunstan,Bradane,dbradanela@bbb.org,Male,24.127.94.13
768,Cheri,Ledgerton,cledgertonlb@epa.gov,Female,192.215.237.107
769,Katinka,Whittle,kwhittlelc@theglobeandmail.com,Female,125.169.134.36
770,Jeremie,Torrijos,jtorrijosld@tuttocitta.it,Male,149.190.46.149
771,Caria,Stainer,cstainerle@dropbox.com,Female,139.106.157.155
772,Hagan,Whoston,hwhostonlf@ustream.tv,Male,23.106.188.2
773,Hanna,O' Mullan,homullanlg@issuu.com,Female,246.139.95.87
774,Huntley,Christauffour,hchristauffourlh@aboutads.info,Male,7.249.142.234
775,Gunar,Duerden,gduerdenli@canalblog.com,Male,245.54.26.204
776,Bendicty,Hallatt,bhallattlj@mail.ru,Male,30.201.124.70
777,Modestine,Gerram,mgerramlk@blogtalkradio.com,Female,248.43.226.94
778,Barry,Coarser,bcoarserll@patch.com,Female,123.208.38.126
779,Torrey,Nozzolii,tnozzoliilm@army.mil,Male,106.236.74.127
780,Ely,Ainsley,eainsleyln@skype.com,Male,128.14.178.146
781,Brianna,Aldcorn,baldcornlo@deviantart.com,Female,80.226.72.238
782,Roddie,Toleman,rtolemanlp@freewebs.com,Male,233.214.220.208
783,Pierce,Lissandri,plissandrilq@bbb.org,Male,192.17.75.87
784,Frasier,Sutliff,fsutlifflr@shareasale.com,Male,246.97.83.165
785,Lauryn,Hundey,lhundeyls@ibm.com,Female,241.250.245.79
786,Denver,Beardall,dbeardalllt@nyu.edu,Male,115.16.90.89
787,Duky,Goldingay,dgoldingaylu@utexas.edu,Male,131.4.62.60
788,Brucie,O'Shaughnessy,boshaughnessylv@infoseek.co.jp,Male,233.218.183.210
789,Karalee,Hullins,khullinslw@nationalgeographic.com,Female,186.61.132.12
790,Ilyse,Daspar,idasparlx@mapquest.com,Female,119.208.59.174
791,Hashim,O'Regan,horeganly@nationalgeographic.com,Male,86.252.15.161
792,Artemas,Merryweather,amerryweatherlz@fc2.com,Male,145.9.153.207
793,Maud,Lukasen,mlukasenm0@addthis.com,Female,87.251.47.254
794,Natka,Raccio,nracciom1@nasa.gov,Female,182.3.159.7
795,Rudolfo,Earthfield,rearthfieldm2@acquirethisname.com,Male,214.57.199.120
796,Cherish,Duddin,cduddinm3@oaic.gov.au,Female,223.142.34.39
797,Gottfried,Verring,gverringm4@t-online.de,Male,4.45.221.189
798,Leonard,Merkle,lmerklem5@ed.gov,Male,64.199.107.132
799,Conant,Frankom,cfrankomm6@bbc.co.uk,Male,81.215.216.18
800,Wald,Stampfer,wstampferm7@freewebs.com,Male,242.233.204.223
801,Lisabeth,Chasle,lchaslem8@ted.com,Female,237.228.234.166
802,Augie,Bedding,abeddingm9@free.fr,Male,82.2.62.100
803,Base,Davson,bdavsonma@about.com,Male,117.175.130.252
804,Inglis,Stiebler,istieblermb@comsenz.com,Male,184.125.17.164
805,Mureil,Mor,mmormc@wikimedia.org,Female,13.122.216.58
806,Florrie,Ricciardiello,fricciardiellomd@tinypic.com,Female,140.71.65.187
807,Fleur,Pitman,fpitmanme@list-manage.com,Female,195.176.199.121
808,Sasha,Ebbers,sebbersmf@zimbio.com,Male,183.101.32.185
809,Donnamarie,Hourican,dhouricanmg@flickr.com,Female,88.243.255.155
810,Ogdon,Shapira,oshapiramh@ucoz.com,Male,143.63.56.49
811,Goraud,Stoile,gstoilemi@elegantthemes.com,Male,75.99.24.181
812,Valina,Uman,vumanmj@chicagotribune.com,Female,244.66.92.245
813,Elora,Limpricht,elimprichtmk@ucoz.com,Female,171.38.99.220
814,Barbara,Golley,bgolleyml@paypal.com,Female,69.90.71.199
815,Merla,Bilbrook,mbilbrookmm@china.com.cn,Female,225.101.245.210
816,Stormy,Calcutt,scalcuttmn@mozilla.org,Female,199.48.43.49
817,Katrinka,Parncutt,kparncuttmo@merriam-webster.com,Female,121.31.136.221
818,Field,Chestney,fchestneymp@cisco.com,Male,159.204.229.29
819,Velvet,Patinkin,vpatinkinmq@wisc.edu,Female,213.9.255.244
820,Pincus,Bardnam,pbardnammr@surveymonkey.com,Male,105.71.128.93
821,Mehetabel,O'Suaird,mosuairdms@upenn.edu,Female,215.50.211.107
822,Renard,Crumly,rcrumlymt@unblog.fr,Male,88.55.40.162
823,Swen,MacCaughen,smaccaughenmu@feedburner.com,Male,151.194.42.140
824,Vikki,Delgua,vdelguamv@altervista.org,Female,152.116.127.114
825,Vanna,Brushfield,vbrushfieldmw@topsy.com,Female,117.154.222.5
826,Alena,Kimbury,akimburymx@latimes.com,Female,88.27.250.176
827,Christoper,Bastie,cbastiemy@mail.ru,Male,85.122.233.249
828,Christiano,Dachs,cdachsmz@moonfruit.com,Male,186.5.26.87
829,Roley,Barkworth,rbarkworthn0@scientificamerican.com,Male,252.75.144.19
830,Durward,Melbourn,dmelbournn1@dailymail.co.uk,Male,73.177.7.238
831,Clary,Shatford,cshatfordn2@loc.gov,Female,178.4.58.100
832,Margarethe,Huston,mhustonn3@ucla.edu,Female,85.7.241.95
833,Matti,Tallowin,mtallowinn4@desdev.cn,Female,195.111.255.34
834,Ailbert,Margetts,amargettsn5@4shared.com,Male,249.97.69.74
835,Berthe,Helversen,bhelversenn6@intel.com,Female,49.58.228.211
836,Stanislaus,Lethlay,slethlayn7@cam.ac.uk,Male,134.182.189.3
837,Westley,Skein,wskeinn8@seattletimes.com,Male,101.115.120.91
838,Zulema,Lammie,zlammien9@ox.ac.uk,Female,139.124.157.70
839,Adoree,Gaythwaite,agaythwaitena@berkeley.edu,Female,63.115.145.88
840,Jakie,Screen,jscreennb@loc.gov,Male,233.207.205.201
841,Drusie,Teece,dteecenc@nationalgeographic.com,Female,222.82.77.97
842,Lotti,Shepherdson,lshepherdsonnd@berkeley.edu,Female,141.157.196.144
843,Fin,Scrannage,fscrannagene@github.com,Male,127.222.130.203
844,Franzen,Sucre,fsucrenf@nasa.gov,Male,114.52.126.24
845,Irina,Crellim,icrellimng@weather.com,Female,240.92.126.194
846,Tobi,Masters,tmastersnh@symantec.com,Female,153.157.248.231
847,Thea,Knill,tknillni@bizjournals.com,Female,110.140.150.149
848,Haley,Lawland,hlawlandnj@seattletimes.com,Male,206.253.178.160
849,Bordie,Dalwood,bdalwoodnk@go.com,Male,78.161.182.92
850,Julio,Postans,jpostansnl@list-manage.com,Male,65.234.203.50
851,Kleon,Libero,kliberonm@moonfruit.com,Male,140.234.152.201
852,Ignacius,Bruggeman,ibruggemannn@census.gov,Male,173.1.66.31
853,Normie,Butland,nbutlandno@gov.uk,Male,235.68.80.131
854,Katrina,Fishly,kfishlynp@smh.com.au,Female,220.207.85.150
855,Mersey,Guinane,mguinanenq@auda.org.au,Female,109.146.57.251
856,Bernelle,Pinchin,bpinchinnr@paypal.com,Female,203.60.249.26
857,Damien,Nisbet,dnisbetns@whitehouse.gov,Male,99.254.191.209
858,Quintin,Sammon,qsammonnt@google.ru,Male,18.21.231.248
859,Rubina,Mityakov,rmityakovnu@addtoany.com,Female,92.241.183.162
860,Stephine,Mottinelli,smottinellinv@google.com.hk,Female,76.15.191.127
861,Sibylla,Snibson,ssnibsonnw@blogger.com,Female,242.158.16.123
862,Saunder,Smitham,ssmithamnx@ameblo.jp,Male,208.77.67.188
863,Sebastian,Winterton,swintertonny@google.nl,Male,243.137.150.70
864,Sebastian,Tommen,stommennz@macromedia.com,Male,217.229.253.98
865,Alfonso,Gearty,ageartyo0@wufoo.com,Male,248.26.254.125
866,Kimble,Airy,kairyo1@shop-pro.jp,Male,41.85.170.174
867,Dalila,Fahrenbacher,dfahrenbachero2@dailymail.co.uk,Female,27.157.105.11
868,Kessia,Gaywood,kgaywoodo3@sitemeter.com,Female,20.2.10.236
869,Catharine,Lasselle,classelleo4@e-recht24.de,Female,110.46.157.108
870,Marlo,Jollie,mjollieo5@columbia.edu,Male,189.62.77.130
871,Maddie,Kleiner,mkleinero6@sbwire.com,Female,77.145.68.79
872,Boy,Allington,ballingtono7@google.nl,Male,138.26.164.255
873,Padget,Rickertsen,prickertseno8@newyorker.com,Male,217.176.245.194
874,Tania,Parlet,tparleto9@i2i.jp,Female,216.17.254.29
875,Rennie,Ondracek,rondracekoa@pen.io,Female,93.248.186.233
876,Winifred,Camelin,wcamelinob@prweb.com,Female,42.187.155.244
877,Domingo,Klammt,dklammtoc@buzzfeed.com,Male,108.217.144.134
878,Frayda,McGivena,fmcgivenaod@ucoz.ru,Female,85.224.93.43
879,Shelton,Tooker,stookeroe@sitemeter.com,Male,235.108.112.166
880,Margi,Conningham,mconninghamof@histats.com,Female,103.125.33.176
881,Fielding,Crandon,fcrandonog@facebook.com,Male,4.147.43.200
882,Donnie,Lindholm,dlindholmoh@hp.com,Male,221.149.203.78
883,Ruthie,Avramovich,ravramovichoi@state.gov,Female,3.215.185.89
884,Angel,MacQueen,amacqueenoj@spiegel.de,Female,215.36.82.124
885,Daveta,Cluely,dcluelyok@dagondesign.com,Female,84.179.223.104
886,Conny,O'Gaven,cogavenol@myspace.com,Female,140.80.127.195
887,Concettina,Bobasch,cbobaschom@de.vu,Female,2.69.22.106
888,Hayden,Trahear,htrahearon@amazon.co.jp,Male,51.76.240.197
889,Berty,Rodgerson,brodgersonoo@auda.org.au,Male,137.60.81.121
890,Annette,Ridding,ariddingop@rediff.com,Female,76.169.91.98
891,Paolo,Reicherz,preicherzoq@over-blog.com,Male,60.216.67.141
892,Paloma,Simeone,psimeoneor@weebly.com,Female,63.19.61.204
893,Berget,Camlin,bcamlinos@github.io,Female,252.243.5.138
894,Diarmid,Heintsch,dheintschot@senate.gov,Male,179.219.91.81
895,Roberto,Bridel,rbridelou@vistaprint.com,Male,249.54.50.117
896,Ignacius,Peasby,ipeasbyov@ted.com,Male,86.12.83.97
897,Debra,Sprague,dspragueow@businessinsider.com,Female,34.13.59.194
898,Chrisy,Davley,cdavleyox@fotki.com,Male,212.37.97.255
899,Dillon,Gley,dgleyoy@yellowpages.com,Male,4.61.175.243
900,Demetris,Stanistreet,dstanistreetoz@icio.us,Female,75.16.93.207
901,Colver,Callaby,ccallabyp0@dell.com,Male,181.100.63.108
902,Jakie,Abrahm,jabrahmp1@tmall.com,Male,157.106.235.32
903,Marchelle,Christmas,mchristmasp2@shutterfly.com,Female,146.254.92.86
904,Othilie,Winslet,owinsletp3@wired.com,Female,0.203.247.56
905,Bernete,Classen,bclassenp4@businessweek.com,Female,32.39.177.234
906,Corty,Lockley,clockleyp5@utexas.edu,Male,195.33.141.96
907,Herman,Eick,heickp6@google.cn,Male,17.171.203.80
908,Wilton,Meah,wmeahp7@addthis.com,Male,250.205.219.104
909,Gun,Britch,gbritchp8@pen.io,Male,1.49.59.241
910,Xylia,Woliter,xwoliterp9@wordpress.org,Female,76.15.55.184
911,Mollee,Traske,mtraskepa@webmd.com,Female,51.148.100.149
912,Oliver,Sweetmore,osweetmorepb@webnode.com,Male,248.116.68.223
913,Deb,Rasp,drasppc@slideshare.net,Female,176.61.38.93
914,Bibbie,Frearson,bfrearsonpd@360.cn,Female,4.27.186.99
915,Annabela,Shea,asheape@oaic.gov.au,Female,86.224.59.116
916,Freddy,Yurchenko,fyurchenkopf@hao123.com,Female,56.247.85.231
917,Grady,Creelman,gcreelmanpg@gnu.org,Male,254.10.102.92
918,Ramon,Athersmith,rathersmithph@bigcartel.com,Male,120.133.50.75
919,Fanechka,Woolfoot,fwoolfootpi@toplist.cz,Female,249.93.230.23
920,Gerik,Milsted,gmilstedpj@jimdo.com,Male,173.175.214.97
921,Jonathan,Gaythwaite,jgaythwaitepk@github.com,Male,197.53.225.147
922,Vinni,Tuftin,vtuftinpl@constantcontact.com,Female,138.176.91.78
923,Marchall,Coalbran,mcoalbranpm@odnoklassniki.ru,Male,30.56.236.190
924,Randie,McCurry,rmccurrypn@comcast.net,Male,104.114.17.65
925,Bradney,Gethings,bgethingspo@washingtonpost.com,Male,161.200.114.187
926,Norine,Whitehorn,nwhitehornpp@google.co.uk,Female,127.85.107.142
927,Dara,Breede,dbreedepq@dyndns.org,Female,33.98.18.198
928,Isa,Grassick,igrassickpr@lulu.com,Male,248.3.169.33
929,Cora,Branche,cbrancheps@wunderground.com,Female,45.1.220.74
930,Dixie,Scarlan,dscarlanpt@paypal.com,Female,189.85.118.247
931,Dmitri,Etchingham,detchinghampu@google.de,Male,216.55.72.69
932,Rikki,Yemm,ryemmpv@pbs.org,Male,146.67.122.216
933,Mayne,Morant,mmorantpw@imgur.com,Male,165.55.90.255
934,Sherrie,Lempke,slempkepx@mlb.com,Female,30.108.128.47
935,Anastasie,de Keep,adekeeppy@github.com,Female,210.4.156.87
936,Ty,Yardley,tyardleypz@buzzfeed.com,Male,133.252.245.211
937,Adriena,Harkins,aharkinsq0@rediff.com,Female,100.187.42.113
938,Sallie,Crowley,scrowleyq1@narod.ru,Female,233.157.77.63
939,Imojean,Le Barre,ilebarreq2@hp.com,Female,191.225.10.250
940,Casey,Jewster,cjewsterq3@businesswire.com,Male,172.198.234.52
941,Mady,Tattersall,mtattersallq4@wsj.com,Female,227.163.175.199
942,Gawain,Sturror,gsturrorq5@businesswire.com,Male,117.193.145.222
943,Dominik,Dyneley,ddyneleyq6@photobucket.com,Male,69.58.216.222
944,Bing,Tinniswood,btinniswoodq7@paginegialle.it,Male,145.16.48.104
945,Melany,Jacques,mjacquesq8@disqus.com,Female,109.31.39.179
946,Haleigh,Beche,hbecheq9@sourceforge.net,Male,8.203.135.234
947,Kitty,Flooks,kflooksqa@delicious.com,Female,7.148.122.249
948,Vivi,Ellard,vellardqb@go.com,Female,137.198.131.252
949,Brucie,Tippell,btippellqc@buzzfeed.com,Male,118.161.37.100
950,Kendall,Lownes,klownesqd@amazon.com,Male,100.235.13.41
951,Hubie,Langthorne,hlangthorneqe@cpanel.net,Male,154.225.140.16
952,Lorene,Fallon,lfallonqf@guardian.co.uk,Female,144.160.215.80
953,Jannel,Fairbank,jfairbankqg@lycos.com,Female,179.157.44.135
954,Dick,Dy,ddyqh@twitter.com,Male,97.159.19.203
955,Penny,Ivanilov,pivanilovqi@mac.com,Female,212.142.227.138
956,Aldon,Stoade,astoadeqj@google.com,Male,72.150.88.6
957,Nanci,Gimblet,ngimbletqk@cdc.gov,Female,227.164.41.126
958,Luciano,Chewter,lchewterql@amazon.co.jp,Male,102.99.7.31
959,Rozamond,Unthank,runthankqm@cargocollective.com,Female,242.148.186.54
960,Rebe,Cropton,rcroptonqn@senate.gov,Female,11.34.57.234
961,Caryl,Daubney,cdaubneyqo@constantcontact.com,Male,56.129.55.16
962,Allx,Richardeau,arichardeauqp@eventbrite.com,Female,71.99.164.118
963,Ileane,Weight,iweightqq@deliciousdays.com,Female,230.15.50.73
964,Vassili,Haverty,vhavertyqr@ca.gov,Male,195.84.192.54
965,Hilly,Cullingworth,hcullingworthqs@answers.com,Male,139.108.173.23
966,Vittoria,Farens,vfarensqt@shinystat.com,Female,82.214.171.159
967,Ruprecht,Bailey,rbaileyqu@linkedin.com,Male,200.220.137.50
968,Jonis,Milmore,jmilmoreqv@netvibes.com,Female,213.187.46.76
969,Chrotoem,Stonman,cstonmanqw@sfgate.com,Male,138.0.45.239
970,Sheff,Moncey,smonceyqx@ted.com,Male,30.92.180.254
971,Oby,Ferenczi,oferencziqy@squidoo.com,Male,227.102.36.114
972,Rozanne,Trustram,rtrustramqz@arstechnica.com,Female,109.175.118.185
973,Wendie,Peaker,wpeakerr0@oracle.com,Female,91.234.204.118
974,Brett,Blinkhorn,bblinkhornr1@un.org,Female,254.128.21.40
975,Lorant,Franzolini,lfranzolinir2@aol.com,Male,11.49.196.70
976,Torry,Bachmann,tbachmannr3@timesonline.co.uk,Male,223.253.189.111
977,Frasco,Bazire,fbazirer4@flavors.me,Male,183.113.77.1
978,Adrianna,Sibun,asibunr5@symantec.com,Female,6.54.107.43
979,Tuckie,Geertz,tgeertzr6@oaic.gov.au,Male,77.66.172.207
980,Kelvin,Rodriguez,krodriguezr7@fotki.com,Male,150.246.22.163
981,Englebert,Rapport,erapportr8@linkedin.com,Male,236.223.33.123
982,Ernaline,Naerup,enaerupr9@nhs.uk,Female,233.232.74.34
983,Abelard,Garraway,agarrawayra@meetup.com,Male,90.72.203.199
984,Elsy,Bourdon,ebourdonrb@amazon.com,Female,72.92.235.59
985,Fletcher,Habishaw,fhabishawrc@eepurl.com,Male,45.199.21.158
986,Ric,Philippe,rphilipperd@linkedin.com,Male,56.18.25.192
987,Felicle,Dunbobin,fdunbobinre@i2i.jp,Female,0.165.134.179
988,Gilly,Eplett,geplettrf@berkeley.edu,Female,56.72.104.31
989,Cristiano,Blincoe,cblincoerg@microsoft.com,Male,3.141.69.89
990,Marylynne,Bladon,mbladonrh@smugmug.com,Female,221.168.42.217
991,Abagael,Housegoe,ahousegoeri@people.com.cn,Female,57.247.89.137
992,Chilton,Hastwall,chastwallrj@ustream.tv,Male,100.235.62.88
993,Thomasina,Camacho,tcamachork@instagram.com,Female,139.152.175.111
994,Abdel,Joselovitch,ajoselovitchrl@marriott.com,Male,171.235.95.254
995,Arnie,Pasterfield,apasterfieldrm@slashdot.org,Male,165.216.117.66
996,Emlen,Burnel,eburnelrn@liveinternet.ru,Male,145.5.218.0
997,Javier,Burrell,jburrellro@jiathis.com,Male,193.52.6.136
998,Ozzie,Stairmand,ostairmandrp@npr.org,Male,135.255.40.71
999,Monica,Challicum,mchallicumrq@nytimes.com,Female,101.156.87.67
1000,Barbee,Quest,bquestrr@creativecommons.org,Female,132.126.63.25
